Price,District,DistrictCode,Size,StationDistance,BuildYear,Reform
110,千代田区,D01,40,1,2022,0
300,千代田区,D01,110,3,2004,0
390,千代田区,D01,95,3,2019,0
57,千代田区,D01,40,3,2016,0
29,千代田区,D01,20,2,2006,0
22,千代田区,D01,20,3,2003,0
29,千代田区,D01,20,1,2004,0
37,千代田区,D01,30,4,2009,0
43,千代田区,D01,35,4,2009,0
25,千代田区,D01,25,3,2002,1
47,千代田区,D01,35,2,2014,0
27,千代田区,D01,20,4,2004,0
45,千代田区,D01,65,4,2000,0
55,千代田区,D01,55,4,2003,0
63,千代田区,D01,55,5,2006,0
190,千代田区,D01,70,1,2003,1
28,千代田区,D01,20,2,2004,0
78,千代田区,D01,55,1,2004,1
96,千代田区,D01,55,2,2012,0
68,千代田区,D01,35,2,2012,1
43,千代田区,D01,35,2,2007,0
40,千代田区,D01,30,2,2007,0
36,千代田区,D01,25,2,2017,0
44,千代田区,D01,40,4,2011,0
110,千代田区,D01,70,2,1988,0
110,千代田区,D01,70,2,1985,1
39,千代田区,D01,30,3,2002,1
55,千代田区,D01,45,0,1981,0
100,千代田区,D01,50,3,1971,1
170,千代田区,D01,90,3,1971,1
31,千代田区,D01,25,3,1985,1
200,千代田区,D01,95,4,1971,1
64,千代田区,D01,40,6,2019,0
160,千代田区,D01,115,3,1977,0
36,千代田区,D01,30,3,1978,0
98,千代田区,D01,75,2,1972,1
24,千代田区,D01,25,2,1983,0
67,千代田区,D01,50,5,2012,0
48,千代田区,D01,40,6,2006,0
25,千代田区,D01,40,4,1981,0
38,千代田区,D01,35,4,2003,1
69,千代田区,D01,70,5,1971,0
42,千代田区,D01,50,2,1981,0
320,千代田区,D01,75,3,2014,1
260,千代田区,D01,100,3,2001,1
12,中央区,D02,20,6,1978,0
74,中央区,D02,90,6,1978,0
28,中央区,D02,20,2,2003,0
27,中央区,D02,20,3,2000,0
28,中央区,D02,20,3,2000,0
43,中央区,D02,40,5,2007,0
170,中央区,D02,115,6,2008,0
72,中央区,D02,50,0,2010,0
70,中央区,D02,55,2,2014,0
37,中央区,D02,50,2,1984,1
41,中央区,D02,30,9,2021,0
39,中央区,D02,55,0,1981,0
75,中央区,D02,55,2,2000,1
62,中央区,D02,55,5,1998,0
27,中央区,D02,20,4,2008,0
25,中央区,D02,20,3,1999,1
39,中央区,D02,20,2,2007,0
38,中央区,D02,25,3,2003,0
40,中央区,D02,50,3,2005,0
80,中央区,D02,45,2,2004,0
65,中央区,D02,50,9,1999,1
24,中央区,D02,25,8,2003,0
62,中央区,D02,50,8,2001,0
30,中央区,D02,25,3,2012,0
88,中央区,D02,60,5,2019,0
89,中央区,D02,55,3,2013,0
21,中央区,D02,25,1,1971,0
52,中央区,D02,40,1,2007,1
10,中央区,D02,20,6,1982,0
15,中央区,D02,20,2,1982,0
17,中央区,D02,20,2,1979,0
11,中央区,D02,15,3,1979,0
38,中央区,D02,40,3,1972,1
19,中央区,D02,15,6,1996,0
140,中央区,D02,75,0,2015,0
130,中央区,D02,80,4,2013,1
57,中央区,D02,50,4,1997,1
25,中央区,D02,20,3,2003,0
58,中央区,D02,55,2,1984,0
70,中央区,D02,40,3,2020,0
130,中央区,D02,60,0,2015,0
98,中央区,D02,70,0,2003,1
26,中央区,D02,20,2,2002,0
120,中央区,D02,75,9,1999,1
55,中央区,D02,40,2,2020,0
120,中央区,D02,80,8,1993,0
60,中央区,D02,60,0,2011,0
93,中央区,D02,75,1,2005,0
72,中央区,D02,55,7,1991,1
82,中央区,D02,55,7,1991,1
75,中央区,D02,55,1,2008,0
67,中央区,D02,60,7,1991,0
22,中央区,D02,20,1,2002,0
27,中央区,D02,25,2,2013,0
46,中央区,D02,30,1,2018,0
68,中央区,D02,55,3,2002,0
25,中央区,D02,20,3,2002,0
24,中央区,D02,20,2,1998,0
72,中央区,D02,50,2,2000,1
45,中央区,D02,40,2,2004,0
56,中央区,D02,40,2,2015,0
52,中央区,D02,40,1,2006,0
130,中央区,D02,70,3,2013,1
24,中央区,D02,20,3,2004,0
37,中央区,D02,25,4,2015,0
23,中央区,D02,20,5,2002,0
54,中央区,D02,40,4,1999,1
90,中央区,D02,50,3,2019,0
47,中央区,D02,35,6,1999,1
53,中央区,D02,45,5,1982,1
37,中央区,D02,40,6,1995,1
83,中央区,D02,60,4,1998,1
30,中央区,D02,35,5,2002,0
34,中央区,D02,25,3,2003,0
37,中央区,D02,40,2,1981,1
21,中央区,D02,25,1,1981,0
22,中央区,D02,15,2,2001,1
89,中央区,D02,75,2,2014,0
22,中央区,D02,20,1,2001,0
29,中央区,D02,25,5,2013,0
94,中央区,D02,65,3,2013,0
22,中央区,D02,20,2,2003,0
25,中央区,D02,25,3,1998,1
110,中央区,D02,130,4,1984,0
26,中央区,D02,20,2,2002,0
56,中央区,D02,45,4,2011,0
55,中央区,D02,50,2,2000,0
24,中央区,D02,20,3,1999,0
39,中央区,D02,40,2,2003,0
54,中央区,D02,35,3,2015,0
27,中央区,D02,20,2,2004,0
24,中央区,D02,20,2,2002,0
69,中央区,D02,60,1,2010,0
55,中央区,D02,40,1,2019,1
67,中央区,D02,55,1,2002,0
43,中央区,D02,35,12,2009,0
120,中央区,D02,75,11,2015,0
84,中央区,D02,70,11,2015,0
78,中央区,D02,55,9,1998,1
100,中央区,D02,75,11,2013,1
45,中央区,D02,60,8,1983,0
61,中央区,D02,45,11,2013,0
110,中央区,D02,70,10,2015,0
80,中央区,D02,60,11,2013,0
84,中央区,D02,65,11,2015,0
75,中央区,D02,70,13,2009,0
55,中央区,D02,30,10,2015,0
110,中央区,D02,70,11,2013,0
65,中央区,D02,55,12,2009,0
99,中央区,D02,65,12,2019,0
110,中央区,D02,70,12,2019,0
59,中央区,D02,35,3,2020,0
25,中央区,D02,15,1,2004,0
47,中央区,D02,35,2,2011,0
32,中央区,D02,30,2,2004,0
25,中央区,D02,20,1,2003,1
68,中央区,D02,50,1,2015,0
31,中央区,D02,20,5,2003,0
99,中央区,D02,65,4,2005,0
330,中央区,D02,115,7,2017,0
160,中央区,D02,80,6,2019,0
63,中央区,D02,50,6,2004,1
30,港区,D03,45,8,1977,0
90,港区,D03,60,8,1977,0
570,港区,D03,160,6,2014,0
17,港区,D03,20,4,1977,0
69,港区,D03,40,4,2013,0
140,港区,D03,65,5,2014,0
150,港区,D03,50,5,2014,0
20,港区,D03,20,2,1977,1
190,港区,D03,60,3,2016,1
33,港区,D03,20,7,1983,1
18,港区,D03,15,7,1983,0
85,港区,D03,60,2,1996,0
44,港区,D03,25,3,2014,0
100,港区,D03,55,3,1999,1
190,港区,D03,55,7,2014,1
200,港区,D03,70,4,2023,0
300,港区,D03,120,6,2013,1
26,港区,D03,20,8,2004,0
170,港区,D03,100,4,1998,1
85,港区,D03,70,15,2006,0
90,港区,D03,55,11,2014,0
88,港区,D03,75,15,2005,1
150,港区,D03,90,10,2004,1
100,港区,D03,70,6,2005,0
88,港区,D03,75,6,2005,0
200,港区,D03,150,14,2005,0
92,港区,D03,60,6,2005,0
100,港区,D03,70,6,2005,0
110,港区,D03,85,7,2006,0
140,港区,D03,65,6,2017,0
32,港区,D03,20,1,2002,0
38,港区,D03,25,4,2014,0
69,港区,D03,45,2,2006,0
160,港区,D03,85,3,2006,0
170,港区,D03,90,3,2006,0
100,港区,D03,60,4,2001,1
150,港区,D03,85,3,2006,0
78,港区,D03,55,11,2014,0
100,港区,D03,55,11,2015,0
25,港区,D03,20,9,2000,0
91,港区,D03,65,8,2007,0
27,港区,D03,20,8,2002,0
65,港区,D03,60,10,1982,1
130,港区,D03,100,8,2006,0
59,港区,D03,40,10,2023,0
20,港区,D03,40,5,1978,0
100,港区,D03,70,8,2007,0
190,港区,D03,125,8,2007,0
100,港区,D03,80,14,2006,1
120,港区,D03,85,8,2006,0
110,港区,D03,85,8,2006,0
35,港区,D03,25,10,2007,0
26,港区,D03,20,6,2004,0
68,港区,D03,70,9,2001,0
25,港区,D03,40,2,1983,0
36,港区,D03,25,2,2014,0
62,港区,D03,75,7,1970,0
190,港区,D03,65,10,2015,0
90,港区,D03,50,4,2001,0
160,港区,D03,65,3,2023,0
57,港区,D03,25,3,2023,0
260,港区,D03,90,3,2023,0
45,港区,D03,25,3,2023,0
24,港区,D03,20,5,2003,0
140,港区,D03,50,3,2023,0
120,港区,D03,60,11,2017,0
200,港区,D03,70,3,2023,0
100,港区,D03,40,3,2023,0
130,港区,D03,50,3,2023,0
86,港区,D03,60,6,1985,1
160,港区,D03,70,6,2005,1
110,港区,D03,65,8,2003,1
35,港区,D03,40,10,2006,0
80,港区,D03,60,2,1981,1
73,港区,D03,60,3,1977,0
61,港区,D03,40,5,2005,0
25,港区,D03,15,7,2004,0
90,港区,D03,50,1,1971,0
190,港区,D03,110,6,1980,0
180,港区,D03,75,7,2020,1
120,港区,D03,50,1,2022,0
100,港区,D03,75,3,1981,0
250,港区,D03,125,6,2004,0
110,港区,D03,60,7,2005,0
65,港区,D03,85,7,2005,1
160,港区,D03,80,7,2005,0
35,港区,D03,25,5,2003,1
83,港区,D03,40,3,2008,0
230,港区,D03,100,4,2006,0
38,港区,D03,20,5,2003,0
180,港区,D03,75,9,2002,1
70,港区,D03,50,11,1999,0
43,港区,D03,30,11,2003,0
23,港区,D03,20,4,2002,0
24,港区,D03,15,4,2002,0
260,港区,D03,80,4,2019,0
25,港区,D03,20,4,1998,0
26,港区,D03,15,2,2000,0
25,港区,D03,20,2,2001,0
100,港区,D03,65,5,1997,0
25,港区,D03,20,2,2000,0
14,港区,D03,20,8,1978,0
22,港区,D03,20,8,1978,1
21,港区,D03,15,8,1978,1
43,港区,D03,25,6,2014,0
150,港区,D03,65,6,2014,0
220,港区,D03,75,4,2009,0
300,港区,D03,80,7,2015,0
78,港区,D03,50,4,2005,0
61,港区,D03,35,4,1998,0
26,港区,D03,20,9,2002,0
27,港区,D03,20,10,2003,0
48,港区,D03,45,6,1978,0
32,港区,D03,30,1,1980,1
330,港区,D03,125,13,2001,0
49,港区,D03,30,6,1971,1
99,港区,D03,55,11,2002,1
150,港区,D03,75,10,2006,0
90,港区,D03,55,11,2002,0
150,港区,D03,95,11,1997,0
130,港区,D03,60,7,2012,0
77,港区,D03,55,5,2008,0
24,港区,D03,20,6,2005,0
26,港区,D03,25,9,1979,0
84,港区,D03,40,2,2018,0
20,港区,D03,20,2,1978,1
300,港区,D03,90,6,2002,0
640,港区,D03,150,6,2002,0
54,港区,D03,35,5,1982,0
40,港区,D03,30,5,1982,0
130,港区,D03,45,2,2011,0
110,港区,D03,45,4,2015,0
110,港区,D03,45,3,2011,0
170,港区,D03,65,5,2014,0
60,港区,D03,25,2,2016,0
110,新宿区,D04,55,5,2018,0
81,新宿区,D04,55,8,2012,0
24,新宿区,D04,20,3,1999,0
140,新宿区,D04,75,6,2003,1
170,新宿区,D04,100,3,2006,1
30,新宿区,D04,40,5,2015,0
85,新宿区,D04,55,6,2005,0
78,新宿区,D04,50,6,2015,0
88,新宿区,D04,65,3,2010,0
55,新宿区,D04,55,6,1971,1
17,新宿区,D04,25,5,1985,0
30,新宿区,D04,20,4,2006,1
26,新宿区,D04,20,4,2006,0
12,新宿区,D04,30,4,1981,1
27,新宿区,D04,35,1,1978,0
49,新宿区,D04,55,1,1978,0
9.5,新宿区,D04,10,1,1984,0
33,新宿区,D04,25,6,2013,1
24,新宿区,D04,20,10,2004,1
31,新宿区,D04,25,4,2008,0
27,新宿区,D04,35,8,1978,0
35,新宿区,D04,25,4,2008,0
28,新宿区,D04,20,3,2007,0
37,新宿区,D04,45,10,1986,0
35,新宿区,D04,25,3,2013,0
78,新宿区,D04,55,6,2015,0
100,新宿区,D04,60,6,2012,0
23,新宿区,D04,20,5,2002,0
34,新宿区,D04,25,5,2019,0
15,新宿区,D04,15,4,1991,0
23,新宿区,D04,20,1,2006,0
30,新宿区,D04,50,4,1974,0
42,新宿区,D04,35,6,2004,1
120,新宿区,D04,85,6,2001,1
64,新宿区,D04,50,10,2019,0
25,新宿区,D04,30,3,1978,0
62,新宿区,D04,35,4,2004,0
58,新宿区,D04,55,10,1980,1
53,新宿区,D04,55,10,1980,1
42,新宿区,D04,55,10,1980,0
29,新宿区,D04,25,6,2002,1
16,新宿区,D04,20,6,2006,0
37,新宿区,D04,45,7,1969,1
30,新宿区,D04,30,5,1983,0
37,新宿区,D04,25,7,2016,0
14,新宿区,D04,20,5,1982,0
20,新宿区,D04,20,3,1982,1
12,新宿区,D04,30,4,1964,1
42,新宿区,D04,55,5,1970,1
150,新宿区,D04,145,1,1988,0
44,新宿区,D04,25,7,2020,0
30,新宿区,D04,30,6,2002,0
230,新宿区,D04,115,7,2014,0
64,新宿区,D04,45,6,2003,1
28,新宿区,D04,25,9,2011,0
49,新宿区,D04,35,4,2022,0
51,新宿区,D04,35,5,2022,0
48,新宿区,D04,35,5,2022,1
87,新宿区,D04,70,9,2001,0
26,新宿区,D04,20,11,2010,0
40,新宿区,D04,35,6,2005,0
110,新宿区,D04,70,6,2007,0
14,新宿区,D04,20,5,2004,0
57,新宿区,D04,55,7,1995,0
60,新宿区,D04,40,6,2012,0
65,新宿区,D04,50,7,2009,1
14,新宿区,D04,15,5,1984,0
40,新宿区,D04,30,7,2015,0
96,新宿区,D04,60,9,2002,1
140,新宿区,D04,65,7,2015,0
17,新宿区,D04,15,5,1984,0
15,新宿区,D04,15,5,1984,0
39,新宿区,D04,25,4,2016,0
33,新宿区,D04,60,4,1968,0
96,新宿区,D04,65,7,2016,0
23,新宿区,D04,20,2,2008,0
31,新宿区,D04,45,4,1985,0
26,新宿区,D04,20,5,2009,0
24,新宿区,D04,20,2,2006,0
27,新宿区,D04,25,8,2017,0
76,新宿区,D04,70,4,2012,0
45,新宿区,D04,35,5,2002,0
19,新宿区,D04,20,6,2005,0
18,新宿区,D04,20,6,2005,0
54,新宿区,D04,70,10,1997,0
33,新宿区,D04,35,9,1987,1
18,新宿区,D04,20,6,2000,0
21,新宿区,D04,20,6,2004,0
19,新宿区,D04,20,5,1999,1
46,新宿区,D04,40,6,2012,0
42,新宿区,D04,60,8,1996,0
23,新宿区,D04,20,7,2003,0
43,新宿区,D04,40,5,1992,1
76,新宿区,D04,50,6,2012,0
13,新宿区,D04,20,4,1978,0
16,新宿区,D04,15,12,1977,0
16,新宿区,D04,15,12,1997,0
79,新宿区,D04,45,4,2006,0
11,新宿区,D04,10,5,1981,0
24,新宿区,D04,35,5,1981,0
44,新宿区,D04,45,2,1983,0
23,新宿区,D04,20,5,2001,0
12,新宿区,D04,25,3,1983,0
82,新宿区,D04,45,8,2023,0
26,新宿区,D04,20,3,2001,0
44,新宿区,D04,40,2,1983,0
38,新宿区,D04,50,1,1981,1
27,新宿区,D04,20,3,2011,1
150,新宿区,D04,75,7,2017,0
34,新宿区,D04,35,7,1981,1
26,新宿区,D04,15,2,2002,0
26,新宿区,D04,25,4,2001,0
140,新宿区,D04,75,7,2017,0
36,新宿区,D04,30,4,2005,0
55,新宿区,D04,50,7,1981,1
27,新宿区,D04,20,1,2003,0
70,新宿区,D04,70,28,1998,0
68,新宿区,D04,60,5,2003,1
20,新宿区,D04,45,14,1981,0
23,新宿区,D04,20,7,2002,0
60,新宿区,D04,60,13,1996,1
49,新宿区,D04,40,4,1999,1
38,新宿区,D04,30,5,2017,0
38,新宿区,D04,20,7,2019,0
35,新宿区,D04,30,5,2007,0
27,新宿区,D04,30,9,1994,0
23,新宿区,D04,20,11,2001,0
38,新宿区,D04,30,4,2012,0
97,新宿区,D04,60,8,2000,1
16,新宿区,D04,20,3,1990,1
37,新宿区,D04,25,3,2014,0
50,新宿区,D04,35,2,2017,1
45,新宿区,D04,30,3,2008,0
36,新宿区,D04,20,3,2013,0
69,新宿区,D04,70,8,1988,1
140,新宿区,D04,75,3,2006,1
31,新宿区,D04,20,0,2003,0
17,新宿区,D04,15,8,1997,0
120,新宿区,D04,70,6,2006,0
110,新宿区,D04,65,5,2015,0
130,新宿区,D04,70,3,2017,0
42,新宿区,D04,30,2,2008,0
100,新宿区,D04,60,3,2019,0
90,新宿区,D04,55,3,2019,0
65,新宿区,D04,50,4,2010,1
27,新宿区,D04,30,5,1984,0
90,新宿区,D04,75,5,1984,1
15,新宿区,D04,20,4,1978,0
130,新宿区,D04,65,2,2015,1
75,新宿区,D04,65,6,2018,0
26,新宿区,D04,20,6,2003,0
44,新宿区,D04,30,4,2012,0
160,新宿区,D04,75,7,2018,0
69,新宿区,D04,55,8,2008,0
90,新宿区,D04,65,8,1999,0
120,新宿区,D04,70,9,2005,0
70,新宿区,D04,50,2,2007,0
51,新宿区,D04,40,6,2017,0
48,新宿区,D04,35,2,2018,0
110,新宿区,D04,65,4,2013,0
14,新宿区,D04,20,3,2003,0
28,文京区,D05,25,4,2011,0
42,文京区,D05,40,4,2011,0
20,文京区,D05,20,5,2001,0
23,文京区,D05,20,3,2000,0
14,文京区,D05,15,5,1995,0
21,文京区,D05,20,5,2007,0
9.3,文京区,D05,15,8,1985,0
25,文京区,D05,20,6,2008,1
84,文京区,D05,65,4,2010,1
96,文京区,D05,65,8,2011,0
24,文京区,D05,20,9,2008,0
32,文京区,D05,40,5,1986,0
41,文京区,D05,40,4,1983,1
18,文京区,D05,25,4,1989,1
31,文京区,D05,40,5,1991,0
24,文京区,D05,20,12,2010,0
42,文京区,D05,40,13,2015,0
35,文京区,D05,45,4,1984,0
60,文京区,D05,40,9,2005,0
23,文京区,D05,20,10,2000,0
100,文京区,D05,65,2,2003,0
73,文京区,D05,55,9,2005,0
77,文京区,D05,55,11,2017,0
120,文京区,D05,80,11,2017,0
95,文京区,D05,70,9,2014,0
60,文京区,D05,40,9,2005,1
130,文京区,D05,65,7,2019,0
99,文京区,D05,60,0,2012,0
24,文京区,D05,20,10,2005,0
210,文京区,D05,75,3,2023,0
22,文京区,D05,20,9,2003,0
100,文京区,D05,65,4,2005,1
69,文京区,D05,40,9,2011,0
22,文京区,D05,15,2,2000,1
120,文京区,D05,75,7,1997,1
40,文京区,D05,45,13,1981,1
21,文京区,D05,20,3,2005,0
85,文京区,D05,65,9,2003,1
22,文京区,D05,20,8,2006,0
21,文京区,D05,20,8,2006,0
49,文京区,D05,40,1,2014,0
70,文京区,D05,55,7,2004,0
38,文京区,D05,45,6,1962,1
130,文京区,D05,80,5,2001,0
74,文京区,D05,55,9,2013,0
27,文京区,D05,25,4,2013,0
93,文京区,D05,65,11,2018,0
77,文京区,D05,85,5,1971,1
64,文京区,D05,45,4,2013,1
33,文京区,D05,30,9,2015,0
36,文京区,D05,30,1,2002,0
15,文京区,D05,15,11,1994,1
35,文京区,D05,30,2,1987,1
10,文京区,D05,15,8,1977,0
69,文京区,D05,60,9,2001,1
12,文京区,D05,15,8,1977,1
25,文京区,D05,20,1,2002,0
43,文京区,D05,45,9,2007,0
74,文京区,D05,55,2,2001,0
8.5,文京区,D05,15,6,1992,0
120,文京区,D05,65,3,2008,1
50,文京区,D05,40,6,2014,1
29,文京区,D05,25,6,2014,0
44,文京区,D05,40,10,2007,0
110,文京区,D05,65,5,2018,1
27,文京区,D05,20,5,2003,0
26,文京区,D05,25,5,2003,1
110,文京区,D05,70,4,2017,0
19,文京区,D05,20,3,2005,0
52,文京区,D05,50,2,1985,0
24,文京区,D05,20,9,2006,0
26,文京区,D05,20,2,2002,0
21,文京区,D05,20,3,2000,0
19,文京区,D05,20,3,2000,0
68,文京区,D05,50,4,2014,0
62,文京区,D05,50,7,1987,1
29,文京区,D05,20,5,2009,0
66,文京区,D05,40,6,2006,1
27,文京区,D05,20,3,2003,0
73,文京区,D05,50,5,2018,0
88,文京区,D05,65,8,2015,0
29,文京区,D05,20,7,2013,0
8.8,文京区,D05,10,1,1985,0
63,文京区,D05,60,11,1998,0
27,文京区,D05,30,11,1995,0
25,文京区,D05,25,10,2005,0
36,文京区,D05,35,10,2005,0
23,文京区,D05,20,1,2008,0
85,文京区,D05,70,1,2001,0
24,文京区,D05,25,4,2012,0
56,文京区,D05,60,6,1999,0
60,文京区,D05,50,6,1984,1
40,文京区,D05,65,7,1969,0
54,文京区,D05,35,6,2018,0
94,文京区,D05,75,10,2004,0
59,文京区,D05,35,2,2017,0
25,文京区,D05,20,8,2009,1
50,文京区,D05,70,2,1980,0
42,台東区,D06,40,11,2009,0
28,台東区,D06,30,4,2003,1
15,台東区,D06,25,5,1974,1
28,台東区,D06,25,7,2009,1
27,台東区,D06,30,5,1990,1
17,台東区,D06,45,6,1985,0
29,台東区,D06,25,4,2001,1
31,台東区,D06,25,6,2018,0
130,台東区,D06,80,5,1970,0
25,台東区,D06,60,4,1964,0
34,台東区,D06,40,15,2007,0
38,台東区,D06,50,18,2015,1
6.7,台東区,D06,65,0,2002,1
46,台東区,D06,50,3,1998,1
11,台東区,D06,15,2,1989,1
28,台東区,D06,25,6,2012,0
17,台東区,D06,25,3,1980,0
25,台東区,D06,20,4,1982,1
30,台東区,D06,30,4,1982,1
24,台東区,D06,20,2,1983,0
49,台東区,D06,40,3,2005,0
21,台東区,D06,25,10,2010,0
46,台東区,D06,55,13,2014,0
35,台東区,D06,60,13,1988,0
28,台東区,D06,40,1,1980,1
35,台東区,D06,55,1,1980,1
50,台東区,D06,35,3,2018,0
29,台東区,D06,25,5,2013,0
16,台東区,D06,15,3,1992,0
50,台東区,D06,55,3,2004,0
83,台東区,D06,70,3,2000,0
13,台東区,D06,20,4,1992,0
25,台東区,D06,20,1,2006,0
15,台東区,D06,20,4,1992,0
52,台東区,D06,55,2,2004,0
22,台東区,D06,30,4,1990,0
22,台東区,D06,20,8,2007,0
72,台東区,D06,60,1,2002,1
70,台東区,D06,90,0,1983,1
56,台東区,D06,50,4,2011,0
29,台東区,D06,40,5,1984,0
25,台東区,D06,25,6,2007,0
58,台東区,D06,60,6,1988,1
41,台東区,D06,60,6,1988,1
70,台東区,D06,60,4,2015,0
25,台東区,D06,25,7,2015,0
32,台東区,D06,40,8,1984,1
41,台東区,D06,40,8,2021,0
50,台東区,D06,35,8,2016,0
30,台東区,D06,25,4,2012,0
48,台東区,D06,45,7,2004,1
35,台東区,D06,25,2,2017,0
30,台東区,D06,40,2,2007,0
31,台東区,D06,25,10,2018,0
46,台東区,D06,35,8,2009,0
43,台東区,D06,40,6,2015,0
72,台東区,D06,55,4,2012,0
45,台東区,D06,50,1,1981,1
34,台東区,D06,40,8,2017,0
28,台東区,D06,25,9,2018,0
24,台東区,D06,20,4,2008,0
30,台東区,D06,30,9,2015,0
23,台東区,D06,25,9,2007,1
56,台東区,D06,50,5,2000,1
36,台東区,D06,40,7,2014,0
19,台東区,D06,30,2,1989,0
26,台東区,D06,25,8,2009,0
65,台東区,D06,70,6,2007,0
44,台東区,D06,60,18,1996,0
51,台東区,D06,75,18,2000,0
31,台東区,D06,25,3,2015,0
67,台東区,D06,60,4,2000,0
32,台東区,D06,35,15,2007,0
40,台東区,D06,25,8,2023,0
32,台東区,D06,35,3,1974,1
50,台東区,D06,35,3,2017,0
78,台東区,D06,80,6,2001,0
50,台東区,D06,30,7,2023,0
7.5,台東区,D06,15,8,1989,0
26,台東区,D06,40,4,1977,0
28,台東区,D06,25,5,2012,0
25,台東区,D06,25,3,2006,0
27,台東区,D06,30,3,2006,0
26,台東区,D06,25,3,2006,0
28,台東区,D06,25,8,2014,0
29,台東区,D06,25,4,2008,1
12,台東区,D06,15,2,1991,1
30,台東区,D06,25,7,2017,0
41,台東区,D06,50,4,1994,0
95,台東区,D06,110,4,1994,0
74,台東区,D06,55,1,2011,0
50,台東区,D06,40,6,2016,0
26,台東区,D06,20,5,2004,0
60,台東区,D06,50,3,1999,0
30,台東区,D06,25,5,2005,0
40,台東区,D06,50,7,1999,1
27,台東区,D06,25,6,2018,0
34,台東区,D06,35,6,2009,0
34,台東区,D06,35,6,2009,0
26,台東区,D06,25,5,2017,0
60,台東区,D06,80,6,2003,0
29,墨田区,D07,30,11,2006,0
30,墨田区,D07,30,8,2015,0
20,墨田区,D07,20,5,2009,0
27,墨田区,D07,25,3,2013,0
16,墨田区,D07,15,4,1990,0
34,墨田区,D07,25,5,2023,0
94,墨田区,D07,85,0,2001,0
36,墨田区,D07,15,7,1989,1
29,墨田区,D07,25,10,2007,0
68,墨田区,D07,70,10,1999,0
120,墨田区,D07,100,9,2005,1
25,墨田区,D07,20,10,2012,0
28,墨田区,D07,25,9,2018,0
44,墨田区,D07,50,3,2006,0
27,墨田区,D07,25,9,2018,1
81,墨田区,D07,75,2,1999,1
65,墨田区,D07,70,1,2000,0
42,墨田区,D07,35,4,2009,0
65,墨田区,D07,65,2,2002,0
53,墨田区,D07,60,3,1997,0
47,墨田区,D07,45,1,2018,0
54,墨田区,D07,60,4,1996,0
31,墨田区,D07,25,4,2022,0
27,墨田区,D07,25,4,2022,0
27,墨田区,D07,25,4,2022,0
33,墨田区,D07,35,6,2009,0
35,墨田区,D07,45,4,1984,1
20,墨田区,D07,20,5,1998,0
38,墨田区,D07,45,7,1978,1
21,墨田区,D07,50,5,1978,0
22,墨田区,D07,35,8,1978,1
14,墨田区,D07,30,5,1980,0
11,墨田区,D07,35,8,1978,0
42,墨田区,D07,35,5,2008,0
22,墨田区,D07,20,3,2004,0
23,墨田区,D07,20,2,2008,0
20,墨田区,D07,20,3,2004,0
29,墨田区,D07,50,6,1985,1
7,墨田区,D07,15,4,1988,0
45,墨田区,D07,55,8,1980,1
21,墨田区,D07,25,4,2014,0
20,墨田区,D07,25,4,2014,0
34,墨田区,D07,65,8,1998,0
26,墨田区,D07,25,4,2014,1
20,墨田区,D07,60,2,1983,0
40,墨田区,D07,40,4,2016,0
22,墨田区,D07,20,6,2008,1
24,墨田区,D07,25,4,2014,0
45,墨田区,D07,55,6,1984,1
15,墨田区,D07,20,8,1990,1
75,墨田区,D07,65,3,2017,0
57,墨田区,D07,60,9,1997,1
14,墨田区,D07,60,4,1982,1
31,墨田区,D07,25,3,2016,0
24,墨田区,D07,20,2,2005,0
24,墨田区,D07,20,3,2009,0
34,墨田区,D07,60,5,1976,0
25,墨田区,D07,25,5,2013,1
24,墨田区,D07,25,2,2005,0
53,墨田区,D07,55,2,1998,0
37,墨田区,D07,35,2,2011,0
39,墨田区,D07,50,6,1972,1
20,墨田区,D07,20,5,2009,0
13,墨田区,D07,15,4,1991,0
59,墨田区,D07,55,2,2003,1
29,墨田区,D07,25,8,2022,0
28,墨田区,D07,30,3,1997,0
32,墨田区,D07,50,2,1991,1
22,墨田区,D07,20,3,2010,0
32,墨田区,D07,25,7,2022,0
23,墨田区,D07,25,3,2010,0
22,墨田区,D07,20,7,2011,0
5.2,墨田区,D07,15,5,1995,0
24,墨田区,D07,20,7,2011,0
25,墨田区,D07,25,7,2016,0
24,墨田区,D07,25,7,2016,0
40,墨田区,D07,65,2,1999,0
31,墨田区,D07,25,7,2022,0
37,墨田区,D07,50,5,1989,1
46,墨田区,D07,80,6,1985,1
24,墨田区,D07,25,3,2012,0
25,墨田区,D07,55,6,1985,0
39,墨田区,D07,30,3,2022,0
45,墨田区,D07,40,1,2015,0
48,墨田区,D07,50,5,2019,0
24,墨田区,D07,25,6,2015,0
43,墨田区,D07,55,5,1995,1
14,墨田区,D07,15,6,2007,1
24,墨田区,D07,25,6,2017,0
63,墨田区,D07,80,2,2003,0
24,墨田区,D07,35,4,1989,1
25,墨田区,D07,15,14,2007,1
64,墨田区,D07,60,8,2014,0
27,墨田区,D07,25,7,2016,0
88,墨田区,D07,75,8,2006,0
32,墨田区,D07,60,6,1997,0
21,墨田区,D07,25,10,2005,1
25,墨田区,D07,20,7,2006,0
22,墨田区,D07,20,6,2011,0
12,墨田区,D07,15,9,1991,0
32,墨田区,D07,30,8,2011,1
49,墨田区,D07,50,9,2004,1
50,墨田区,D07,50,9,2013,1
43,墨田区,D07,50,10,2000,0
24,墨田区,D07,25,11,2017,0
29,墨田区,D07,25,10,2013,0
30,墨田区,D07,25,10,2013,1
26,墨田区,D07,25,11,2017,0
44,墨田区,D07,55,9,1999,0
41,墨田区,D07,35,6,2007,0
28,墨田区,D07,25,6,2015,0
20,墨田区,D07,30,9,1990,0
26,墨田区,D07,25,8,2014,0
30,墨田区,D07,25,7,2015,0
21,墨田区,D07,20,1,2011,0
14,墨田区,D07,15,7,1992,0
27,墨田区,D07,25,8,2018,0
72,墨田区,D07,70,8,2008,1
22,墨田区,D07,20,9,2008,0
36,墨田区,D07,35,6,1989,1
27,墨田区,D07,25,9,2017,0
73,墨田区,D07,70,7,2001,1
70,墨田区,D07,60,3,2015,0
24,墨田区,D07,25,6,2013,0
22,墨田区,D07,30,7,1989,0
60,墨田区,D07,75,7,2001,0
21,墨田区,D07,40,10,1982,0
27,墨田区,D07,25,9,2013,0
37,墨田区,D07,60,5,2000,0
25,墨田区,D07,25,7,2018,0
17,墨田区,D07,35,3,1989,1
30,墨田区,D07,30,4,1998,1
26,墨田区,D07,25,8,2011,0
20,墨田区,D07,20,6,2008,0
37,墨田区,D07,40,4,2013,0
24,墨田区,D07,25,8,1983,1
24,墨田区,D07,20,4,2002,0
23,墨田区,D07,20,6,2013,0
23,墨田区,D07,20,4,2002,1
60,墨田区,D07,60,4,2001,0
68,江東区,D08,50,5,2019,0
85,江東区,D08,60,4,2019,0
70,江東区,D08,55,5,2019,0
81,江東区,D08,65,8,2010,0
70,江東区,D08,70,4,2004,0
56,江東区,D08,65,10,2006,0
80,江東区,D08,70,10,2014,1
86,江東区,D08,80,8,2010,0
66,江東区,D08,55,3,2020,0
65,江東区,D08,55,9,2009,0
76,江東区,D08,65,10,2006,0
69,江東区,D08,55,3,2020,0
33,江東区,D08,25,8,2019,0
34,江東区,D08,25,6,2016,1
23,江東区,D08,20,6,2006,0
51,江東区,D08,70,12,2001,0
27,江東区,D08,20,8,2011,0
63,江東区,D08,75,3,1986,0
43,江東区,D08,55,5,1973,1
36,江東区,D08,55,5,1973,0
28,江東区,D08,25,11,2014,0
27,江東区,D08,20,10,2013,1
76,江東区,D08,60,13,2013,1
58,江東区,D08,55,4,1997,1
54,江東区,D08,60,9,2004,1
53,江東区,D08,85,8,1982,1
30,江東区,D08,25,6,2018,0
63,江東区,D08,65,3,2014,0
18,江東区,D08,55,6,1970,0
30,江東区,D08,65,1,1998,0
53,江東区,D08,60,12,2005,1
32,江東区,D08,25,1,2020,0
26,江東区,D08,20,6,2011,1
70,江東区,D08,65,5,1999,1
41,江東区,D08,30,8,2023,0
40,江東区,D08,45,8,1989,1
73,江東区,D08,80,5,2012,0
28,江東区,D08,65,2,1986,0
19,江東区,D08,20,9,2006,1
34,江東区,D08,40,15,1981,1
27,江東区,D08,45,12,2007,0
65,江東区,D08,65,9,2005,1
48,江東区,D08,50,3,2001,1
110,江東区,D08,65,3,2021,0
28,江東区,D08,25,5,2017,0
30,江東区,D08,25,8,2015,0
32,江東区,D08,25,5,2022,0
20,江東区,D08,50,7,1990,0
88,江東区,D08,75,9,2012,0
23,江東区,D08,25,9,2010,0
22,江東区,D08,20,7,2007,0
24,江東区,D08,200,5,2008,0
21,江東区,D08,20,6,2007,0
80,江東区,D08,70,3,2004,0
25,江東区,D08,20,4,2012,0
58,江東区,D08,55,4,1999,1
8.8,江東区,D08,25,13,1974,0
20,江東区,D08,25,5,2013,0
40,江東区,D08,55,11,1973,1
48,江東区,D08,75,9,1999,0
56,江東区,D08,75,11,2005,0
31,江東区,D08,70,11,2005,0
21,江東区,D08,25,12,2018,0
48,江東区,D08,65,13,1995,0
21,江東区,D08,20,12,2007,0
6,江東区,D08,20,10,1989,0
43,江東区,D08,60,18,2000,1
65,江東区,D08,75,15,2008,0
21,江東区,D08,30,8,2006,1
54,江東区,D08,75,10,1996,0
24,江東区,D08,50,14,1972,1
29,江東区,D08,25,3,2012,0
29,江東区,D08,25,2,2019,0
66,江東区,D08,65,8,1998,1
26,江東区,D08,25,7,2006,1
32,江東区,D08,25,4,2019,0
28,江東区,D08,20,9,2014,0
24,江東区,D08,35,10,1997,0
52,江東区,D08,55,6,1994,1
61,江東区,D08,75,3,1982,1
83,江東区,D08,75,12,2016,0
26,江東区,D08,25,11,2013,0
77,江東区,D08,85,12,2000,0
66,江東区,D08,65,10,2008,0
53,江東区,D08,45,4,2012,0
72,江東区,D08,65,4,2012,0
26,江東区,D08,25,5,2014,0
75,江東区,D08,60,9,2014,0
66,江東区,D08,60,4,2012,0
67,江東区,D08,60,4,2012,0
110,江東区,D08,110,6,2004,1
64,江東区,D08,85,9,2007,0
86,江東区,D08,80,10,2009,1
87,江東区,D08,70,11,2020,0
75,江東区,D08,75,7,1984,1
80,江東区,D08,65,6,2012,1
96,江東区,D08,70,6,2010,0
67,江東区,D08,75,8,1984,1
70,江東区,D08,60,2,2005,0
72,江東区,D08,55,6,2010,0
69,江東区,D08,75,8,1984,1
74,江東区,D08,70,6,2004,1
31,江東区,D08,25,3,2008,0
19,江東区,D08,40,4,1973,0
23,江東区,D08,25,3,2014,0
72,江東区,D08,70,2,2005,0
50,江東区,D08,50,2,2005,0
30,江東区,D08,25,8,2018,0
32,江東区,D08,25,4,2012,0
31,江東区,D08,25,2,2014,0
34,江東区,D08,50,10,1980,1
52,江東区,D08,70,9,2013,0
28,江東区,D08,20,3,2013,0
31,江東区,D08,25,7,2016,0
64,江東区,D08,65,5,1997,0
31,江東区,D08,25,3,2014,0
23,江東区,D08,20,7,2007,0
30,江東区,D08,55,7,1973,1
69,江東区,D08,65,10,2017,0
29,江東区,D08,35,7,1974,1
12,江東区,D08,20,2,1973,1
43,江東区,D08,55,3,1979,1
71,江東区,D08,60,5,2016,0
17,江東区,D08,30,5,1974,0
35,江東区,D08,60,5,1974,0
38,江東区,D08,60,12,1978,1
45,江東区,D08,50,3,1977,1
39,江東区,D08,55,5,1974,1
27,江東区,D08,25,10,2013,0
23,江東区,D08,45,5,1972,0
83,江東区,D08,60,6,2014,0
92,江東区,D08,65,6,2016,0
130,江東区,D08,80,7,2008,0
73,江東区,D08,70,9,2001,1
100,江東区,D08,70,5,2016,0
70,江東区,D08,50,12,2014,0
100,江東区,D08,55,6,2021,0
94,江東区,D08,65,5,2016,0
52,江東区,D08,55,9,1980,1
65,江東区,D08,55,5,2008,0
90,江東区,D08,70,7,2009,1
44,江東区,D08,65,9,1981,0
60,江東区,D08,65,4,2005,0
98,江東区,D08,65,4,2016,0
69,江東区,D08,80,4,1981,1
85,江東区,D08,85,4,2007,0
70,江東区,D08,70,8,2000,0
73,江東区,D08,75,4,2001,0
120,江東区,D08,85,4,2016,0
91,江東区,D08,70,5,2009,0
83,江東区,D08,80,7,2005,0
97,江東区,D08,75,5,2009,0
60,江東区,D08,55,4,2001,0
48,江東区,D08,60,11,1982,1
220,江東区,D08,105,7,2009,0
65,江東区,D08,70,10,2000,1
71,江東区,D08,55,4,2016,0
93,江東区,D08,75,7,2005,1
140,江東区,D08,70,6,2008,0
140,江東区,D08,85,7,2009,0
73,江東区,D08,70,5,2007,0
43,江東区,D08,70,18,1996,1
46,江東区,D08,70,18,1996,1
51,江東区,D08,70,14,2009,0
40,江東区,D08,70,8,1987,1
26,江東区,D08,70,21,1999,0
50,江東区,D08,80,20,2005,1
70,江東区,D08,70,13,2020,0
45,江東区,D08,70,11,2000,0
13,江東区,D08,40,23,1969,1
48,江東区,D08,70,20,2005,0
19,江東区,D08,20,16,2008,0
83,江東区,D08,70,16,2005,1
57,江東区,D08,80,8,1998,0
22,江東区,D08,20,7,2006,0
32,江東区,D08,25,6,2016,0
32,江東区,D08,25,6,2016,0
31,江東区,D08,25,6,2016,0
20,江東区,D08,20,3,1999,0
31,江東区,D08,25,8,2015,0
79,江東区,D08,80,9,2002,0
25,江東区,D08,30,4,1973,1
59,江東区,D08,60,6,1996,1
37,江東区,D08,50,5,1972,0
60,江東区,D08,70,16,2010,0
93,江東区,D08,70,2,2002,1
32,江東区,D08,55,10,1975,1
49,江東区,D08,65,5,1998,0
42,江東区,D08,60,8,1983,1
46,江東区,D08,70,11,2004,0
32,江東区,D08,55,9,1977,1
59,江東区,D08,75,10,1988,1
28,江東区,D08,25,12,2009,0
60,江東区,D08,75,6,2001,0
24,江東区,D08,20,5,2009,0
53,江東区,D08,55,12,2000,0
81,江東区,D08,80,3,1994,1
49,江東区,D08,45,3,1994,1
28,江東区,D08,20,5,2006,0
22,江東区,D08,20,3,2006,0
60,江東区,D08,80,7,1981,1
50,江東区,D08,60,4,1998,0
33,江東区,D08,65,1,1993,0
24,江東区,D08,20,1,2009,0
21,江東区,D08,15,1,2005,0
26,品川区,D09,20,10,2005,0
52,品川区,D09,45,6,1993,1
60,品川区,D09,55,12,2017,0
55,品川区,D09,75,12,1988,1
23,品川区,D09,20,10,2016,0
47,品川区,D09,45,5,1984,1
29,品川区,D09,25,2,2000,0
50,品川区,D09,50,5,1984,0
120,品川区,D09,100,4,2004,0
56,品川区,D09,45,2,1978,0
42,品川区,D09,35,4,2004,0
22,品川区,D09,20,8,2013,0
95,品川区,D09,60,8,2007,1
72,品川区,D09,55,11,1998,0
95,品川区,D09,75,7,1981,1
60,品川区,D09,65,7,1982,0
65,品川区,D09,55,4,1979,1
67,品川区,D09,60,14,1983,1
72,品川区,D09,65,4,1985,1
42,品川区,D09,45,1,1979,1
26,品川区,D09,20,2,1999,0
28,品川区,D09,20,11,2013,0
37,品川区,D09,40,6,2003,0
14,品川区,D09,15,5,1997,0
15,品川区,D09,25,6,1984,0
57,品川区,D09,50,6,2013,0
44,品川区,D09,40,4,1985,1
28,品川区,D09,30,4,2006,0
140,品川区,D09,70,1,2021,0
22,品川区,D09,25,5,2006,0
26,品川区,D09,20,8,2013,0
35,品川区,D09,55,3,1970,0
34,品川区,D09,35,6,1989,1
27,品川区,D09,20,3,2017,1
21,品川区,D09,20,3,2008,0
64,品川区,D09,45,3,2019,0
13,品川区,D09,20,3,1995,0
24,品川区,D09,20,4,2005,0
16,品川区,D09,25,4,1990,0
26,品川区,D09,20,5,2022,0
22,品川区,D09,20,4,2002,0
14,品川区,D09,15,4,1977,0
16,品川区,D09,20,9,1979,1
27,品川区,D09,20,13,2014,0
28,品川区,D09,20,5,2005,0
49,品川区,D09,50,7,1982,1
16,品川区,D09,15,4,1977,1
51,品川区,D09,50,7,1982,1
30,品川区,D09,20,1,2005,0
26,品川区,D09,20,6,2013,0
25,品川区,D09,20,6,2015,0
29,品川区,D09,20,6,2015,0
28,品川区,D09,35,6,1979,1
28,品川区,D09,20,6,2017,0
28,品川区,D09,20,6,2015,0
19,品川区,D09,15,6,1998,0
22,品川区,D09,20,8,2003,0
51,品川区,D09,35,6,2013,0
68,品川区,D09,40,4,2015,0
16,品川区,D09,15,6,1989,0
92,品川区,D09,60,4,2018,0
23,品川区,D09,30,2,1983,1
65,品川区,D09,40,4,2012,0
91,品川区,D09,55,8,2017,0
88,品川区,D09,65,4,2014,1
60,品川区,D09,50,5,2003,0
110,品川区,D09,75,4,1999,1
23,品川区,D09,20,8,2008,0
80,品川区,D09,75,6,1997,1
80,品川区,D09,65,8,2004,1
10,品川区,D09,15,8,1995,0
16,品川区,D09,35,5,1984,0
19,品川区,D09,20,4,2000,0
19,品川区,D09,15,9,1992,0
20,品川区,D09,15,8,1992,0
32,品川区,D09,30,6,2001,0
26,品川区,D09,25,4,1998,1
64,品川区,D09,60,4,2000,1
40,品川区,D09,70,6,2002,0
59,品川区,D09,70,4,2002,0
60,品川区,D09,60,6,1996,1
40,品川区,D09,30,6,2014,0
63,品川区,D09,55,7,2018,0
21,品川区,D09,20,5,2016,0
21,品川区,D09,50,4,1979,0
39,品川区,D09,50,1,1984,1
71,品川区,D09,40,6,2010,1
22,品川区,D09,15,4,2003,0
46,品川区,D09,50,6,1971,1
84,品川区,D09,65,8,2002,0
190,品川区,D09,90,6,2010,1
11,品川区,D09,20,5,1980,0
26,品川区,D09,20,6,1985,1
99,品川区,D09,55,6,2010,0
24,品川区,D09,20,7,1983,1
60,品川区,D09,45,4,1998,1
27,品川区,D09,20,4,2006,0
30,品川区,D09,25,4,2000,0
85,品川区,D09,60,4,2019,0
71,品川区,D09,55,3,2019,0
58,品川区,D09,50,5,2005,0
27,品川区,D09,20,4,2017,0
21,品川区,D09,20,1,2000,0
70,品川区,D09,50,2,2002,1
8.8,品川区,D09,10,4,1984,0
52,品川区,D09,65,3,1986,0
79,品川区,D09,70,6,2002,1
46,品川区,D09,40,12,2004,1
26,品川区,D09,45,6,1978,1
10,品川区,D09,30,8,1975,1
34,品川区,D09,50,6,1970,1
26,品川区,D09,20,8,2011,0
28,品川区,D09,20,9,2014,0
26,品川区,D09,20,6,2017,0
28,品川区,D09,20,2,2017,0
34,品川区,D09,40,9,2004,0
46,品川区,D09,35,1,2004,1
24,品川区,D09,20,6,2008,0
16,品川区,D09,15,7,1999,0
17,品川区,D09,20,6,2008,0
47,品川区,D09,65,4,1999,0
30,品川区,D09,20,1,2022,0
30,品川区,D09,45,11,1977,0
57,品川区,D09,60,8,2018,0
45,品川区,D09,40,6,2022,0
120,品川区,D09,85,4,2009,0
55,品川区,D09,50,6,1981,1
13,品川区,D09,15,9,1987,0
25,品川区,D09,20,8,2009,0
31,品川区,D09,45,6,1971,0
22,品川区,D09,20,5,2006,0
25,品川区,D09,20,4,2011,0
26,品川区,D09,20,4,2006,0
42,品川区,D09,55,5,2006,0
19,品川区,D09,75,8,1984,0
39,品川区,D09,75,7,1984,0
33,品川区,D09,70,9,1984,0
41,品川区,D09,60,13,1985,1
43,品川区,D09,65,12,1984,1
15,品川区,D09,20,5,1986,0
57,目黒区,D10,40,7,2005,0
54,目黒区,D10,35,6,2012,0
86,目黒区,D10,60,6,1999,1
65,目黒区,D10,45,6,2012,0
19,目黒区,D10,20,7,1963,1
39,目黒区,D10,25,9,2015,0
42,目黒区,D10,40,6,1982,1
49,目黒区,D10,40,6,1985,1
80,目黒区,D10,50,2,2009,0
79,目黒区,D10,50,2,2017,0
70,目黒区,D10,50,7,2013,0
80,目黒区,D10,55,5,2012,0
120,目黒区,D10,70,5,2012,0
140,目黒区,D10,80,5,2013,0
150,目黒区,D10,135,8,1985,0
110,目黒区,D10,70,3,2013,0
120,目黒区,D10,65,7,2003,1
99,目黒区,D10,50,3,2012,0
56,目黒区,D10,55,8,1986,0
78,目黒区,D10,70,8,1986,0
86,目黒区,D10,65,6,2004,0
30,目黒区,D10,25,10,1997,1
180,目黒区,D10,135,7,2002,1
17,目黒区,D10,25,7,1992,1
140,目黒区,D10,90,9,2002,0
15,目黒区,D10,30,7,1984,0
78,目黒区,D10,60,15,2013,0
28,目黒区,D10,25,8,1989,1
61,目黒区,D10,40,9,2018,0
120,目黒区,D10,60,9,2012,0
130,目黒区,D10,80,13,1998,1
46,目黒区,D10,45,8,2001,0
27,目黒区,D10,20,5,2006,0
110,目黒区,D10,80,13,1998,0
40,目黒区,D10,40,8,2001,0
32,目黒区,D10,25,9,2012,0
23,目黒区,D10,20,7,2005,1
39,目黒区,D10,45,9,1973,0
9.6,目黒区,D10,15,11,1984,0
37,目黒区,D10,40,9,1973,0
35,目黒区,D10,35,8,2008,0
56,目黒区,D10,50,7,1970,1
61,目黒区,D10,55,9,1968,1
93,目黒区,D10,45,12,2022,0
20,目黒区,D10,25,6,1968,0
42,目黒区,D10,25,5,1992,1
85,目黒区,D10,40,12,2022,0
15,目黒区,D10,20,3,1979,1
68,目黒区,D10,50,8,2005,0
41,目黒区,D10,75,15,1995,0
99,目黒区,D10,75,11,2003,0
13,目黒区,D10,15,8,1986,0
88,目黒区,D10,75,11,2001,1
45,目黒区,D10,45,8,1976,1
69,目黒区,D10,50,8,2014,0
100,目黒区,D10,75,9,2014,0
45,目黒区,D10,30,11,2002,1
140,目黒区,D10,65,9,1994,0
120,目黒区,D10,95,9,1979,1
45,目黒区,D10,40,9,1979,0
49,目黒区,D10,35,8,2009,1
66,目黒区,D10,65,6,1973,0
37,目黒区,D10,25,10,2017,0
180,目黒区,D10,70,6,2019,1
74,目黒区,D10,70,15,1972,1
47,目黒区,D10,40,7,2003,0
200,目黒区,D10,95,6,2020,0
95,目黒区,D10,100,13,1985,0
220,目黒区,D10,80,6,2019,0
75,目黒区,D10,60,14,1995,1
12,目黒区,D10,15,7,1989,1
80,目黒区,D10,95,8,1991,1
19,大田区,D11,20,8,2010,0
30,大田区,D11,25,8,2020,0
30,大田区,D11,40,1,1978,1
38,大田区,D11,70,1,1978,0
68,大田区,D11,80,15,1999,1
19,大田区,D11,20,3,2007,0
49,大田区,D11,65,5,1971,1
23,大田区,D11,35,5,1985,0
12,大田区,D11,20,5,1991,0
50,大田区,D11,75,7,1971,1
25,大田区,D11,25,2,2014,0
14,大田区,D11,20,8,2009,0
25,大田区,D11,25,2,2014,0
9,大田区,D11,10,11,1984,0
12,大田区,D11,20,4,1986,0
25,大田区,D11,20,6,2014,0
65,大田区,D11,65,9,1994,1
22,大田区,D11,20,5,2003,0
66,大田区,D11,65,12,2001,0
53,大田区,D11,85,6,1979,0
22,大田区,D11,20,8,2012,0
29,大田区,D11,25,9,2017,0
12,大田区,D11,15,4,1989,1
30,大田区,D11,25,3,2016,0
32,大田区,D11,60,4,1997,0
37,大田区,D11,65,3,1979,1
27,大田区,D11,25,3,2017,1
29,大田区,D11,40,1,2005,0
23,大田区,D11,20,3,2013,1
53,大田区,D11,60,12,2016,0
33,大田区,D11,50,2,2002,1
39,大田区,D11,65,13,1984,1
27,大田区,D11,60,12,1981,0
9.6,大田区,D11,20,4,1988,0
52,大田区,D11,65,3,1991,1
23,大田区,D11,20,4,2013,0
28,大田区,D11,25,9,2007,0
45,大田区,D11,65,15,2005,0
7.5,大田区,D11,15,12,1989,0
29,大田区,D11,25,11,2015,0
24,大田区,D11,20,4,2013,0
26,大田区,D11,25,4,2007,0
15,大田区,D11,25,4,1994,0
23,大田区,D11,20,11,2009,0
45,大田区,D11,60,6,1999,0
43,大田区,D11,55,2,1978,1
63,大田区,D11,60,4,1996,1
29,大田区,D11,25,5,2008,0
24,大田区,D11,20,4,2013,0
37,大田区,D11,45,1,1982,1
24,大田区,D11,25,7,2019,0
20,大田区,D11,50,16,1988,0
29,大田区,D11,55,24,2005,0
42,大田区,D11,55,23,2013,1
50,大田区,D11,40,6,2016,0
19,大田区,D11,35,5,1985,0
54,大田区,D11,70,10,1984,1
13,大田区,D11,15,5,1985,1
42,大田区,D11,45,10,1984,1
68,大田区,D11,50,1,2015,1
26,大田区,D11,20,5,2012,0
50,大田区,D11,75,1,2015,0
50,大田区,D11,55,2,2004,0
14,大田区,D11,15,10,1989,0
21,大田区,D11,20,9,2013,0
33,大田区,D11,25,2,2018,0
59,大田区,D11,60,7,2002,0
45,大田区,D11,70,11,1997,0
64,大田区,D11,75,14,2004,0
19,大田区,D11,20,12,2007,1
14,大田区,D11,30,3,1971,1
50,大田区,D11,40,4,1996,1
25,大田区,D11,30,5,2009,0
38,大田区,D11,25,6,2023,0
29,大田区,D11,25,6,2018,0
13,大田区,D11,15,5,1991,1
65,大田区,D11,70,6,2005,0
32,大田区,D11,25,2,2022,0
12,大田区,D11,15,3,1991,0
43,大田区,D11,50,5,2006,0
52,大田区,D11,70,11,2004,0
25,大田区,D11,45,12,1984,0
58,大田区,D11,50,14,2008,1
61,大田区,D11,50,8,2019,0
48,大田区,D11,70,11,1987,0
25,大田区,D11,20,9,2007,0
92,大田区,D11,110,8,1993,1
30,大田区,D11,55,6,1989,0
40,大田区,D11,30,6,2021,0
89,大田区,D11,95,12,2004,0
70,大田区,D11,75,10,2002,1
23,大田区,D11,20,4,2012,0
34,大田区,D11,40,4,1999,0
25,大田区,D11,25,8,2014,0
73,大田区,D11,105,12,1982,1
22,大田区,D11,20,9,2012,0
60,大田区,D11,70,11,2007,0
45,大田区,D11,60,10,1985,1
48,大田区,D11,50,11,2007,0
29,大田区,D11,50,11,1978,0
50,大田区,D11,65,9,2004,0
11,大田区,D11,15,7,1991,0
24,大田区,D11,70,11,1981,0
10,大田区,D11,15,7,1991,0
21,大田区,D11,50,11,1978,0
28,大田区,D11,25,4,2017,0
42,大田区,D11,50,5,1995,1
89,大田区,D11,85,2,2001,1
18,大田区,D11,25,4,1972,1
60,大田区,D11,80,4,2000,0
67,大田区,D11,70,16,2018,0
10,大田区,D11,30,6,1972,0
42,大田区,D11,55,16,2003,1
20,大田区,D11,45,6,1971,1
9.5,大田区,D11,15,8,1997,0
24,大田区,D11,20,5,2010,0
29,大田区,D11,30,6,1984,1
36,大田区,D11,45,0,2001,0
29,大田区,D11,25,9,2016,0
22,大田区,D11,20,7,2011,0
30,大田区,D11,25,7,2001,0
72,大田区,D11,60,13,2018,0
28,大田区,D11,25,5,2019,1
20,大田区,D11,20,5,2007,0
98,大田区,D11,15,7,1991,1
21,大田区,D11,20,8,2011,0
28,大田区,D11,20,4,2014,0
25,大田区,D11,20,6,2011,0
55,大田区,D11,70,8,2000,0
59,大田区,D11,90,5,1987,1
25,大田区,D11,25,11,2015,0
34,大田区,D11,40,8,2016,0
64,大田区,D11,70,3,2002,1
27,大田区,D11,20,1,2011,0
23,大田区,D11,20,2,2002,0
21,大田区,D11,20,4,2011,0
66,大田区,D11,70,5,1998,1
21,大田区,D11,45,5,1984,0
26,大田区,D11,25,2,2018,0
59,大田区,D11,60,10,2017,0
15,大田区,D11,40,4,1977,0
43,大田区,D11,65,4,2004,0
1.7,大田区,D11,20,5,2005,0
64,大田区,D11,70,4,2006,0
12,大田区,D11,40,4,1980,0
59,大田区,D11,80,4,2004,1
53,大田区,D11,70,4,2004,0
42,大田区,D11,55,7,1999,1
22,大田区,D11,20,5,2013,0
19,大田区,D11,20,5,2013,0
21,大田区,D11,20,6,2009,0
6.2,大田区,D11,15,3,1991,0
70,大田区,D11,70,2,2007,0
28,大田区,D11,30,4,2014,0
64,大田区,D11,75,6,2003,1
25,大田区,D11,20,4,2014,0
24,大田区,D11,40,4,1990,0
22,大田区,D11,20,5,2005,0
23,大田区,D11,45,2,1985,0
29,大田区,D11,20,3,2008,0
38,大田区,D11,35,5,2015,0
73,大田区,D11,70,13,2012,1
6,大田区,D11,40,16,1985,0
19,大田区,D11,30,9,1974,1
23,大田区,D11,35,9,1974,1
21,大田区,D11,50,5,1978,0
36,大田区,D11,80,10,1985,0
33,大田区,D11,50,10,1985,1
11,大田区,D11,15,12,1988,0
30,大田区,D11,60,16,1996,0
22,大田区,D11,20,4,2006,0
23,大田区,D11,20,6,2012,0
30,大田区,D11,55,5,2000,0
23,大田区,D11,20,7,2013,0
32,大田区,D11,50,3,1995,0
15,大田区,D11,15,1,1991,1
53,大田区,D11,60,15,2004,1
41,大田区,D11,40,14,2015,0
13,大田区,D11,15,8,1991,0
11,大田区,D11,15,8,1991,0
58,大田区,D11,55,3,2015,0
17,大田区,D11,15,6,1999,1
19,大田区,D11,35,10,1986,0
19,大田区,D11,25,11,1999,0
37,大田区,D11,35,11,2021,1
20,大田区,D11,20,4,2010,0
58,大田区,D11,65,12,2003,1
55,大田区,D11,75,12,2000,0
13,大田区,D11,15,4,1987,0
25,大田区,D11,25,4,2008,0
21,大田区,D11,20,5,2010,0
57,大田区,D11,70,11,1991,1
37,大田区,D11,80,13,1990,0
32,大田区,D11,75,10,1986,0
8,大田区,D11,15,2,1985,0
23,大田区,D11,20,4,2013,0
7.7,大田区,D11,15,8,1988,0
25,大田区,D11,20,6,2011,0
15,大田区,D11,20,3,2006,0
20,大田区,D11,20,10,2003,0
16,大田区,D11,20,9,2011,0
49,大田区,D11,75,13,1982,1
2.3,大田区,D11,25,5,2015,0
24,大田区,D11,25,10,2014,0
17,大田区,D11,20,9,2011,0
18,大田区,D11,20,7,2004,0
50,世田谷区,D12,40,4,2015,0
64,世田谷区,D12,70,5,2000,0
58,世田谷区,D12,65,0,1969,1
100,世田谷区,D12,70,8,2007,0
72,世田谷区,D12,95,29,2003,0
36,世田谷区,D12,50,21,1986,1
79,世田谷区,D12,90,5,1976,1
64,世田谷区,D12,70,11,2010,0
67,世田谷区,D12,75,13,2013,0
8.9,世田谷区,D12,15,6,1984,0
29,世田谷区,D12,55,25,1994,0
21,世田谷区,D12,15,6,1997,1
29,世田谷区,D12,30,2,1984,0
33,世田谷区,D12,25,7,2017,0
53,世田谷区,D12,40,7,2003,0
19,世田谷区,D12,20,10,1998,1
34,世田谷区,D12,25,11,2003,1
89,世田谷区,D12,55,9,2012,0
29,世田谷区,D12,25,5,2016,0
11,世田谷区,D12,30,4,1970,0
55,世田谷区,D12,65,4,2009,0
47,世田谷区,D12,45,10,1994,1
8.8,世田谷区,D12,20,4,1984,0
15,世田谷区,D12,45,12,1978,0
14,世田谷区,D12,20,4,1995,0
14,世田谷区,D12,20,4,1995,0
12,世田谷区,D12,15,8,1996,1
17,世田谷区,D12,20,4,1995,0
94,世田谷区,D12,80,5,2002,1
52,世田谷区,D12,45,6,2009,0
69,世田谷区,D12,85,12,1984,0
65,世田谷区,D12,75,6,1971,1
24,世田谷区,D12,20,8,2006,1
100,世田谷区,D12,80,11,2009,0
73,世田谷区,D12,50,5,1998,1
70,世田谷区,D12,40,2,2018,0
100,世田谷区,D12,65,3,2002,1
6,世田谷区,D12,15,2,1988,0
10,世田谷区,D12,20,5,1986,0
68,世田谷区,D12,55,3,2022,0
9.5,世田谷区,D12,15,15,1991,0
63,世田谷区,D12,65,14,2015,0
29,世田谷区,D12,50,20,1985,0
22,世田谷区,D12,25,11,2008,0
56,世田谷区,D12,50,3,1999,1
9,世田谷区,D12,15,3,1993,0
65,世田谷区,D12,70,10,1983,1
9,世田谷区,D12,15,10,1991,0
45,世田谷区,D12,40,8,2003,1
42,世田谷区,D12,65,11,1979,0
83,世田谷区,D12,70,15,2013,1
9,世田谷区,D12,15,10,1991,0
100,世田谷区,D12,100,8,1993,1
87,世田谷区,D12,75,6,2008,0
20,世田谷区,D12,25,9,2007,0
40,世田谷区,D12,35,4,2001,0
40,世田谷区,D12,60,10,1984,0
40,世田谷区,D12,55,11,1973,1
52,世田谷区,D12,40,2,2003,1
12,世田谷区,D12,15,2,1984,0
8,世田谷区,D12,10,2,1984,0
38,世田谷区,D12,45,8,1978,1
55,世田谷区,D12,30,7,2021,0
12,世田谷区,D12,15,7,1985,0
15,世田谷区,D12,25,8,1978,0
20,世田谷区,D12,20,7,1995,0
51,世田谷区,D12,35,2,2013,1
42,世田谷区,D12,35,2,2005,0
14,世田谷区,D12,15,11,1985,1
32,世田谷区,D12,40,8,1978,0
42,世田谷区,D12,60,7,1974,0
25,世田谷区,D12,35,12,1969,1
30,世田谷区,D12,25,10,2014,0
28,世田谷区,D12,25,10,2018,0
120,世田谷区,D12,105,9,2014,0
15,世田谷区,D12,30,2,1973,0
73,世田谷区,D12,60,9,2012,0
16,世田谷区,D12,15,9,1997,1
73,世田谷区,D12,55,8,2004,0
98,世田谷区,D12,65,11,2015,0
62,世田谷区,D12,80,15,1970,0
38,世田谷区,D12,25,9,2023,0
38,世田谷区,D12,25,10,2023,0
120,世田谷区,D12,100,13,2008,1
22,世田谷区,D12,20,15,2004,0
22,世田谷区,D12,40,8,1985,0
75,世田谷区,D12,75,1,2002,0
52,世田谷区,D12,80,11,1996,0
11,世田谷区,D12,15,2,1988,0
29,世田谷区,D12,25,8,2019,0
110,世田谷区,D12,70,6,2014,1
14,世田谷区,D12,15,7,1990,1
30,世田谷区,D12,20,8,2012,1
31,世田谷区,D12,20,8,2012,0
31,世田谷区,D12,55,10,1971,0
74,世田谷区,D12,50,7,2000,1
270,世田谷区,D12,90,10,2008,0
36,世田谷区,D12,25,9,2017,0
29,世田谷区,D12,20,4,1999,0
120,世田谷区,D12,75,10,2008,0
29,世田谷区,D12,25,2,1998,0
74,世田谷区,D12,75,4,2008,0
150,世田谷区,D12,80,1,2005,1
150,世田谷区,D12,80,6,2010,0
240,世田谷区,D12,100,8,2010,1
570,世田谷区,D12,210,8,2010,1
17,世田谷区,D12,15,8,1998,0
72,世田谷区,D12,50,3,2021,0
60,世田谷区,D12,60,5,1998,1
26,世田谷区,D12,55,19,1992,0
6.7,世田谷区,D12,15,21,1991,0
17,世田谷区,D12,15,11,1999,0
100,世田谷区,D12,100,8,2005,0
13,世田谷区,D12,15,10,1991,1
33,世田谷区,D12,50,12,1971,1
24,世田谷区,D12,25,11,2020,0
100,世田谷区,D12,70,13,2018,0
57,世田谷区,D12,40,6,2006,1
65,世田谷区,D12,70,9,1994,0
19,世田谷区,D12,20,3,1992,0
45,世田谷区,D12,60,13,1992,0
62,世田谷区,D12,65,9,1997,1
80,世田谷区,D12,15,9,1988,1
92,世田谷区,D12,70,11,2010,0
88,世田谷区,D12,65,11,2016,0
55,世田谷区,D12,75,13,2005,1
78,世田谷区,D12,70,11,1999,0
26,世田谷区,D12,25,14,2012,0
66,世田谷区,D12,55,11,2007,0
22,世田谷区,D12,20,2,2004,0
25,世田谷区,D12,25,7,2005,0
27,世田谷区,D12,25,9,2012,0
55,世田谷区,D12,60,19,1998,0
73,世田谷区,D12,70,23,2000,1
150,世田谷区,D12,155,20,1989,1
120,世田谷区,D12,80,16,2004,0
75,世田谷区,D12,65,19,2002,1
62,世田谷区,D12,75,12,2000,0
69,世田谷区,D12,65,15,2011,0
33,世田谷区,D12,30,7,1986,1
27,世田谷区,D12,25,5,2012,0
73,世田谷区,D12,70,2,2000,1
31,世田谷区,D12,45,3,1985,0
41,世田谷区,D12,35,1,1997,0
45,世田谷区,D12,50,1,1997,0
49,世田谷区,D12,40,9,1998,1
83,世田谷区,D12,60,13,2018,0
34,世田谷区,D12,25,12,2015,0
23,世田谷区,D12,20,9,1998,0
65,世田谷区,D12,50,7,1996,1
67,世田谷区,D12,55,2,1995,1
29,世田谷区,D12,25,3,2013,1
6.3,世田谷区,D12,10,7,1984,1
10,世田谷区,D12,15,3,1991,1
9.1,世田谷区,D12,15,3,1986,0
49,世田谷区,D12,55,3,1995,0
6.8,世田谷区,D12,15,5,1984,0
31,世田谷区,D12,60,6,1971,0
45,世田谷区,D12,60,7,1977,1
65,世田谷区,D12,70,5,2009,0
19,世田谷区,D12,25,6,2003,0
16,世田谷区,D12,50,6,1971,0
77,世田谷区,D12,100,4,1987,0
22,世田谷区,D12,50,6,1971,0
51,世田谷区,D12,55,8,2009,1
15,世田谷区,D12,15,7,1996,1
40,世田谷区,D12,45,4,1995,0
33,世田谷区,D12,40,8,2000,0
100,世田谷区,D12,70,6,2012,0
20,世田谷区,D12,20,10,2005,0
240,渋谷区,D13,95,3,2021,0
110,渋谷区,D13,85,8,1991,0
29,渋谷区,D13,20,11,1999,0
48,渋谷区,D13,35,10,1999,0
100,渋谷区,D13,50,8,1975,0
55,渋谷区,D13,35,3,1983,1
170,渋谷区,D13,65,6,2023,0
90,渋谷区,D13,55,8,2002,1
72,渋谷区,D13,40,8,2013,0
59,渋谷区,D13,35,9,1995,1
200,渋谷区,D13,65,6,2023,0
65,渋谷区,D13,40,9,2001,1
100,渋谷区,D13,50,10,2016,0
46,渋谷区,D13,45,9,1978,0
52,渋谷区,D13,45,9,1978,0
21,渋谷区,D13,25,2,1965,0
25,渋谷区,D13,20,3,1986,1
22,渋谷区,D13,20,2,1965,0
170,渋谷区,D13,70,5,2011,0
31,渋谷区,D13,25,6,1997,0
28,渋谷区,D13,30,10,1997,0
22,渋谷区,D13,20,3,1999,1
20,渋谷区,D13,30,6,1976,0
25,渋谷区,D13,20,8,2013,0
25,渋谷区,D13,30,5,2000,0
22,渋谷区,D13,20,3,2000,0
14,渋谷区,D13,15,5,1984,0
24,渋谷区,D13,20,2,2003,0
22,渋谷区,D13,15,3,2001,0
24,渋谷区,D13,20,2,2003,0
9.2,渋谷区,D13,10,5,1985,1
30,渋谷区,D13,20,3,2005,0
30,渋谷区,D13,20,8,2020,0
74,渋谷区,D13,60,6,1972,0
200,渋谷区,D13,70,9,2023,0
130,渋谷区,D13,60,9,2020,1
40,渋谷区,D13,25,8,2012,1
48,渋谷区,D13,30,6,1999,1
60,渋谷区,D13,35,7,1992,1
16,渋谷区,D13,10,5,1979,0
170,渋谷区,D13,55,9,2020,0
45,渋谷区,D13,45,4,1971,1
140,渋谷区,D13,70,4,2013,0
130,渋谷区,D13,75,8,1976,1
140,渋谷区,D13,55,2,2000,1
45,渋谷区,D13,45,7,1973,0
200,渋谷区,D13,70,1,2000,1
6,渋谷区,D13,20,7,1979,0
78,渋谷区,D13,35,2,2019,0
56,渋谷区,D13,35,2,2005,0
54,渋谷区,D13,50,12,1971,1
230,渋谷区,D13,120,6,2000,0
250,渋谷区,D13,100,4,2018,0
33,渋谷区,D13,25,9,2018,0
27,渋谷区,D13,35,4,1977,1
25,渋谷区,D13,20,2,2003,0
14,渋谷区,D13,20,2,2000,1
24,渋谷区,D13,20,2,2000,1
8.8,渋谷区,D13,15,3,1975,1
22,渋谷区,D13,20,3,2000,0
71,渋谷区,D13,50,4,1995,1
27,渋谷区,D13,40,1,1972,0
41,渋谷区,D13,35,6,2011,0
15,渋谷区,D13,35,2,1982,0
14,渋谷区,D13,20,6,2004,0
30,渋谷区,D13,25,8,1999,0
77,渋谷区,D13,55,10,1998,0
17,渋谷区,D13,15,7,1984,0
57,渋谷区,D13,40,4,1979,1
38,渋谷区,D13,25,7,2004,0
140,渋谷区,D13,75,15,2014,0
280,渋谷区,D13,75,4,1983,1
65,渋谷区,D13,30,7,2022,0
70,渋谷区,D13,55,4,1999,0
23,渋谷区,D13,25,4,2001,0
21,渋谷区,D13,20,6,1998,0
22,渋谷区,D13,20,7,2001,1
22,渋谷区,D13,20,11,2001,0
45,渋谷区,D13,30,0,2011,1
20,渋谷区,D13,35,3,1972,0
28,渋谷区,D13,20,3,2012,0
38,渋谷区,D13,40,7,2012,0
530,渋谷区,D13,320,8,2006,0
47,渋谷区,D13,30,2,1999,1
17,渋谷区,D13,15,2,1988,0
18,渋谷区,D13,40,3,1973,0
42,渋谷区,D13,40,8,1968,1
31,渋谷区,D13,30,4,1972,1
75,渋谷区,D13,70,7,1998,0
110,渋谷区,D13,70,5,2016,1
37,渋谷区,D13,20,8,2014,0
86,渋谷区,D13,40,6,2002,1
23,渋谷区,D13,20,8,2014,0
56,渋谷区,D13,35,7,2020,0
77,渋谷区,D13,60,8,1994,0
87,渋谷区,D13,60,8,1994,1
36,渋谷区,D13,25,5,2008,0
29,渋谷区,D13,20,6,2011,0
87,渋谷区,D13,75,5,1977,1
29,渋谷区,D13,25,4,2000,0
130,渋谷区,D13,80,3,1998,0
36,渋谷区,D13,25,3,2001,0
190,渋谷区,D13,100,8,1999,0
57,中野区,D14,55,5,2001,0
56,中野区,D14,40,8,2019,0
70,中野区,D14,55,6,1999,0
15,中野区,D14,35,5,2000,0
76,中野区,D14,65,9,2018,0
63,中野区,D14,55,9,2018,0
33,中野区,D14,30,11,2023,0
33,中野区,D14,30,11,2022,0
19,中野区,D14,20,11,2006,0
57,中野区,D14,70,7,2011,0
46,中野区,D14,50,12,2011,1
37,中野区,D14,25,10,2023,0
21,中野区,D14,20,9,2004,0
32,中野区,D14,45,9,1971,1
31,中野区,D14,30,7,2007,0
19,中野区,D14,20,6,2005,0
55,中野区,D14,70,13,2000,0
58,中野区,D14,75,7,1997,1
22,中野区,D14,25,7,2009,0
25,中野区,D14,25,6,2014,0
38,中野区,D14,70,13,1970,1
28,中野区,D14,25,9,2019,1
52,中野区,D14,65,9,2009,0
30,中野区,D14,25,9,2019,0
19,中野区,D14,20,8,2006,0
22,中野区,D14,20,6,2009,0
32,中野区,D14,30,2,2000,1
32,中野区,D14,35,4,1971,0
79,中野区,D14,60,6,2012,0
150,中野区,D14,90,6,2000,1
55,中野区,D14,40,6,2000,1
75,中野区,D14,70,8,2000,0
23,中野区,D14,20,3,2004,0
75,中野区,D14,55,7,2007,0
130,中野区,D14,70,2,2012,1
50,中野区,D14,60,10,1978,0
21,中野区,D14,40,3,1968,0
120,中野区,D14,95,6,2004,1
44,中野区,D14,50,5,1966,1
45,中野区,D14,45,8,2001,0
32,中野区,D14,25,5,1998,1
120,中野区,D14,60,6,2017,0
52,中野区,D14,65,5,1995,1
24,中野区,D14,15,6,2023,0
23,中野区,D14,15,5,2023,0
22,中野区,D14,20,14,2009,0
13,中野区,D14,20,5,1991,0
42,中野区,D14,50,3,2000,0
83,中野区,D14,60,3,2011,0
63,中野区,D14,50,3,2009,0
75,中野区,D14,50,5,2021,0
36,中野区,D14,50,2,1968,0
64,中野区,D14,50,4,2016,0
27,中野区,D14,20,5,2004,0
73,中野区,D14,60,2,2012,0
8,中野区,D14,35,7,1969,0
11,中野区,D14,15,3,1994,0
58,中野区,D14,50,2,1995,1
27,中野区,D14,45,3,1987,0
78,中野区,D14,70,6,2001,0
13,中野区,D14,15,3,1989,1
54,中野区,D14,45,4,2015,0
53,中野区,D14,55,2,2003,0
55,中野区,D14,50,5,2006,0
55,中野区,D14,70,6,1972,0
61,中野区,D14,60,4,2006,0
31,中野区,D14,40,5,1985,1
47,中野区,D14,40,4,1997,1
32,中野区,D14,30,5,1995,1
23,中野区,D14,25,8,2013,0
20,中野区,D14,20,7,2005,1
13,中野区,D14,20,9,1988,1
7,中野区,D14,20,9,1988,0
20,中野区,D14,20,12,2004,0
10,中野区,D14,15,9,1989,1
23,中野区,D14,50,6,1970,0
73,中野区,D14,60,7,1995,1
36,中野区,D14,30,3,2010,0
38,中野区,D14,35,10,2016,1
37,中野区,D14,35,10,2003,1
6.7,中野区,D14,15,10,1991,0
32,中野区,D14,30,8,2003,1
66,中野区,D14,70,9,1998,0
15,中野区,D14,15,8,1995,1
27,中野区,D14,30,3,1982,1
29,中野区,D14,35,7,2006,0
20,中野区,D14,20,7,2006,0
32,中野区,D14,20,7,2013,0
40,杉並区,D15,45,10,1996,0
43,杉並区,D15,55,10,1996,0
80,杉並区,D15,70,4,2001,0
11,杉並区,D15,15,5,1988,1
25,杉並区,D15,25,8,1986,1
61,杉並区,D15,70,12,2007,0
81,杉並区,D15,85,12,2007,1
56,杉並区,D15,70,12,2007,0
70,杉並区,D15,90,7,1988,1
22,杉並区,D15,20,9,2011,0
32,杉並区,D15,30,9,2000,1
42,杉並区,D15,50,6,1992,0
17,杉並区,D15,15,4,1991,1
94,杉並区,D15,80,7,2015,1
21,杉並区,D15,20,9,2004,0
12,杉並区,D15,20,3,1991,0
41,杉並区,D15,60,17,1996,0
45,杉並区,D15,50,3,1972,1
23,杉並区,D15,20,7,1998,1
16,杉並区,D15,30,7,1973,0
17,杉並区,D15,35,8,1999,0
110,杉並区,D15,85,7,2000,1
34,杉並区,D15,40,8,2000,0
23,杉並区,D15,20,7,2000,0
18,杉並区,D15,20,6,2001,0
37,杉並区,D15,45,4,1974,1
86,杉並区,D15,55,10,2001,1
26,杉並区,D15,20,3,2007,0
17,杉並区,D15,15,2,1987,1
34,杉並区,D15,30,9,2009,0
78,杉並区,D15,65,13,2017,0
77,杉並区,D15,65,14,2017,0
22,杉並区,D15,20,12,2003,0
40,杉並区,D15,50,11,1972,1
48,杉並区,D15,30,3,2019,0
23,杉並区,D15,20,8,2009,0
46,杉並区,D15,35,3,2019,0
23,杉並区,D15,25,7,1998,0
42,杉並区,D15,55,3,1987,0
20,杉並区,D15,20,4,2003,0
42,杉並区,D15,60,11,1995,0
20,杉並区,D15,20,6,2003,0
22,杉並区,D15,20,4,2002,0
39,杉並区,D15,40,4,2006,1
58,杉並区,D15,65,2,1998,1
77,杉並区,D15,80,5,1999,0
50,杉並区,D15,60,3,1966,1
54,杉並区,D15,55,1,1995,1
65,杉並区,D15,55,2,2001,0
46,杉並区,D15,40,4,2002,1
32,杉並区,D15,40,8,1971,1
21,杉並区,D15,20,9,1997,1
27,杉並区,D15,35,8,1971,1
20,杉並区,D15,20,9,1997,0
71,杉並区,D15,50,5,2014,0
36,杉並区,D15,35,9,2005,0
19,杉並区,D15,20,9,1999,0
39,杉並区,D15,40,4,1972,1
21,杉並区,D15,20,5,2002,0
22,杉並区,D15,20,5,2002,0
60,杉並区,D15,70,6,2000,0
54,杉並区,D15,70,5,2016,0
25,杉並区,D15,25,3,2004,0
22,杉並区,D15,20,6,2006,0
25,杉並区,D15,40,12,2006,0
21,杉並区,D15,40,1,1977,0
20,杉並区,D15,20,11,2007,1
16,杉並区,D15,15,5,1996,0
9.2,杉並区,D15,15,8,1987,1
41,杉並区,D15,55,5,2003,0
9.8,杉並区,D15,15,2,1987,0
34,杉並区,D15,45,15,2004,0
45,杉並区,D15,70,7,1995,0
62,杉並区,D15,50,8,2010,0
66,杉並区,D15,65,5,2003,0
2.1,杉並区,D15,20,10,2006,0
69,杉並区,D15,80,7,1985,0
24,杉並区,D15,30,9,2002,1
90,杉並区,D15,75,5,1998,1
42,杉並区,D15,35,7,2017,0
75,杉並区,D15,70,8,2013,0
44,杉並区,D15,45,9,2001,0
20,杉並区,D15,20,13,2007,0
79,杉並区,D15,70,14,2000,1
7.4,杉並区,D15,15,8,1985,0
32,杉並区,D15,30,12,2004,0
92,杉並区,D15,105,6,1989,0
40,杉並区,D15,35,2,1998,1
54,杉並区,D15,35,2,2012,0
41,杉並区,D15,50,7,1984,1
15,杉並区,D15,30,7,1970,0
92,杉並区,D15,105,6,1989,1
36,杉並区,D15,40,4,2000,0
34,杉並区,D15,35,3,1997,0
21,杉並区,D15,20,4,1996,1
28,杉並区,D15,30,6,1996,0
37,杉並区,D15,35,6,2013,0
68,杉並区,D15,60,9,2005,0
59,杉並区,D15,50,7,2005,0
19,杉並区,D15,20,10,2007,0
85,杉並区,D15,65,2,2017,0
89,杉並区,D15,65,2,2017,0
8.9,杉並区,D15,15,12,1986,0
55,杉並区,D15,65,10,2004,0
61,杉並区,D15,70,11,2003,0
41,杉並区,D15,60,4,1980,1
42,杉並区,D15,35,9,2016,0
21,杉並区,D15,15,9,2000,1
36,杉並区,D15,65,9,1995,0
9.5,杉並区,D15,15,8,1987,0
24,杉並区,D15,20,6,1994,1
45,杉並区,D15,70,7,1988,0
19,杉並区,D15,15,13,1999,1
16,杉並区,D15,15,10,1996,0
13,杉並区,D15,30,13,2004,0
26,杉並区,D15,30,13,2004,0
70,杉並区,D15,95,15,2003,1
41,杉並区,D15,50,10,1995,0
67,杉並区,D15,75,15,2005,0
58,杉並区,D15,65,15,1984,1
12,杉並区,D15,15,8,1991,0
80,杉並区,D15,70,2,2013,0
27,杉並区,D15,25,12,2014,0
21,杉並区,D15,20,4,2007,0
13,杉並区,D15,15,4,1994,0
21,豊島区,D16,20,9,2007,0
74,豊島区,D16,85,10,2000,0
25,豊島区,D16,20,8,2007,0
41,豊島区,D16,35,12,2004,0
26,豊島区,D16,20,15,2010,0
96,豊島区,D16,70,2,2011,1
83,豊島区,D16,65,2,2011,0
12,豊島区,D16,15,11,1984,0
25,豊島区,D16,20,2,2014,0
27,豊島区,D16,25,8,2019,0
79,豊島区,D16,75,13,2001,1
11,豊島区,D16,25,10,1986,0
74,豊島区,D16,70,11,2003,1
68,豊島区,D16,80,7,1996,1
34,豊島区,D16,30,3,2019,0
16,豊島区,D16,30,8,1993,1
76,豊島区,D16,65,9,2006,0
10,豊島区,D16,20,8,1988,0
30,豊島区,D16,20,7,2016,0
21,豊島区,D16,20,5,2009,0
7.6,豊島区,D16,15,4,1988,0
22,豊島区,D16,20,8,2012,0
33,豊島区,D16,30,10,2018,0
36,豊島区,D16,45,8,1999,0
69,豊島区,D16,65,8,2004,1
31,豊島区,D16,50,9,1979,0
39,豊島区,D16,45,9,1979,1
22,豊島区,D16,20,6,2005,0
24,豊島区,D16,20,5,2005,0
70,豊島区,D16,55,4,2000,0
26,豊島区,D16,20,5,2011,0
78,豊島区,D16,60,3,2009,0
13,豊島区,D16,20,2,1986,0
120,豊島区,D16,95,2,1997,1
62,豊島区,D16,55,2,1997,1
36,豊島区,D16,45,2,1986,0
45,豊島区,D16,50,6,1968,1
11,豊島区,D16,25,2,1977,0
20,豊島区,D16,20,6,1998,1
15,豊島区,D16,15,10,1990,0
22,豊島区,D16,20,5,2010,0
71,豊島区,D16,65,7,2013,0
55,豊島区,D16,50,5,2006,1
13,豊島区,D16,15,7,1992,0
13,豊島区,D16,15,6,1986,1
19,豊島区,D16,20,6,2003,0
19,豊島区,D16,20,3,1998,0
99,豊島区,D16,70,4,2008,1
30,豊島区,D16,40,11,1977,1
57,豊島区,D16,60,4,1979,1
170,豊島区,D16,105,4,2008,0
23,豊島区,D16,30,8,1976,1
40,豊島区,D16,40,7,1985,1
16,豊島区,D16,20,7,1985,0
27,豊島区,D16,25,9,2016,0
23,豊島区,D16,40,5,1986,0
56,豊島区,D16,55,2,2004,0
37,豊島区,D16,40,5,1986,1
22,豊島区,D16,30,8,1976,0
28,豊島区,D16,20,12,2009,1
27,豊島区,D16,20,12,2009,0
31,豊島区,D16,25,10,2009,0
100,豊島区,D16,70,6,2004,0
33,豊島区,D16,35,8,1976,1
51,豊島区,D16,50,8,1999,0
45,豊島区,D16,45,3,1992,1
22,豊島区,D16,20,3,2012,1
17,豊島区,D16,20,9,1999,0
23,豊島区,D16,20,3,2008,0
28,豊島区,D16,20,2,2006,1
29,豊島区,D16,20,5,2015,0
16,豊島区,D16,30,8,1973,0
27,豊島区,D16,30,7,2009,0
17,豊島区,D16,25,6,1980,0
17,豊島区,D16,15,5,1990,1
76,豊島区,D16,60,6,2004,1
31,豊島区,D16,45,7,1991,0
70,豊島区,D16,55,5,1997,1
140,豊島区,D16,70,0,2022,0
88,豊島区,D16,60,1,2007,0
84,豊島区,D16,45,2,2011,0
31,豊島区,D16,35,2,1982,0
94,豊島区,D16,50,7,2015,1
41,豊島区,D16,35,7,1998,1
25,豊島区,D16,25,3,1982,1
52,豊島区,D16,40,6,1999,1
85,豊島区,D16,60,9,1999,1
9.7,豊島区,D16,15,5,1980,0
21,豊島区,D16,20,3,2007,1
40,豊島区,D16,25,8,2022,0
79,豊島区,D16,70,8,2003,1
41,豊島区,D16,40,7,2010,1
34,豊島区,D16,30,5,2006,0
19,豊島区,D16,20,2,1999,0
6.7,豊島区,D16,15,10,1988,0
21,豊島区,D16,20,2,2003,1
21,豊島区,D16,20,3,2010,1
22,豊島区,D16,20,2,2004,1
33,豊島区,D16,25,3,2023,0
23,豊島区,D16,20,4,2014,0
5,豊島区,D16,25,5,1967,0
5,豊島区,D16,25,5,1967,0
33,豊島区,D16,25,3,2023,0
33,豊島区,D16,25,3,2023,0
26,豊島区,D16,20,4,2014,0
32,豊島区,D16,25,3,2023,0
25,豊島区,D16,20,4,2014,0
32,豊島区,D16,25,3,2023,0
41,豊島区,D16,55,7,2005,0
27,北区,D17,25,6,2011,0
16,北区,D17,35,2,1989,0
87,北区,D17,120,3,1996,0
15,北区,D17,35,3,1973,0
13,北区,D17,40,3,1973,0
55,北区,D17,65,4,2012,0
57,北区,D17,65,4,2001,0
29,北区,D17,30,2,1999,0
40,北区,D17,30,2,2019,0
33,北区,D17,75,9,1996,0
52,北区,D17,65,11,2016,0
50,北区,D17,60,11,2012,0
40,北区,D17,50,5,2007,0
27,北区,D17,25,10,2020,0
25,北区,D17,25,7,2006,0
38,北区,D17,30,7,2021,0
56,北区,D17,25,3,1978,1
28,北区,D17,25,4,2016,0
47,北区,D17,50,2,2008,0
43,北区,D17,60,7,2004,1
43,北区,D17,50,3,1999,1
26,北区,D17,25,6,2016,1
83,北区,D17,70,5,2018,0
38,北区,D17,40,9,1995,1
40,北区,D17,40,9,1995,1
26,北区,D17,25,6,2013,0
25,北区,D17,25,6,2013,0
22,北区,D17,25,6,2007,0
31,北区,D17,30,6,1996,1
26,北区,D17,25,5,2011,0
27,北区,D17,25,9,2015,0
44,北区,D17,45,9,2015,0
62,北区,D17,80,8,2006,1
33,北区,D17,55,5,1981,1
7.5,北区,D17,15,11,1988,0
45,北区,D17,40,6,2019,0
47,北区,D17,65,8,2005,1
24,北区,D17,25,7,2016,0
60,北区,D17,65,4,2016,0
40,北区,D17,55,3,1990,1
64,北区,D17,65,4,2016,0
52,北区,D17,60,6,1995,0
37,北区,D17,65,3,2004,0
17,北区,D17,20,2,1996,0
62,北区,D17,70,3,2002,0
28,北区,D17,60,2,1986,0
54,北区,D17,70,4,2010,0
47,北区,D17,55,2,1999,1
65,北区,D17,105,3,2006,0
20,北区,D17,20,3,1993,1
12,北区,D17,20,5,1989,0
25,北区,D17,55,11,1973,0
44,北区,D17,45,4,2006,0
54,北区,D17,70,4,1998,0
29,北区,D17,25,6,2019,0
17,北区,D17,45,11,1973,0
33,北区,D17,35,3,1993,1
61,北区,D17,45,7,2014,1
66,北区,D17,55,6,2000,1
57,北区,D17,75,5,1989,0
76,北区,D17,65,3,2013,0
24,北区,D17,20,9,2007,1
49,北区,D17,50,9,1992,1
41,北区,D17,50,9,2010,0
62,北区,D17,80,9,2006,0
13,北区,D17,15,9,1987,0
13,北区,D17,15,9,1987,0
43,北区,D17,45,8,2010,1
16,北区,D17,20,10,2007,0
51,北区,D17,75,22,2020,0
20,北区,D17,55,20,1983,0
39,北区,D17,80,8,1975,0
72,北区,D17,95,4,1988,1
92,北区,D17,50,4,2013,0
27,北区,D17,25,6,2014,0
24,北区,D17,25,9,2016,0
25,北区,D17,25,8,2016,0
37,北区,D17,25,4,2019,0
80,北区,D17,115,5,1999,1
70,北区,D17,60,5,2013,0
43,北区,D17,70,4,1975,1
30,北区,D17,70,4,1975,0
27,北区,D17,25,2,2019,0
35,北区,D17,40,6,2009,0
23,北区,D17,25,6,2007,0
43,北区,D17,45,2,2012,0
26,北区,D17,25,8,2013,0
19,北区,D17,50,7,1974,0
30,北区,D17,45,8,1979,1
26,北区,D17,30,7,2007,0
27,北区,D17,50,8,1979,1
26,北区,D17,45,8,1979,0
70,荒川区,D18,85,5,2002,1
38,荒川区,D18,75,3,1992,0
39,荒川区,D18,60,3,1979,1
69,荒川区,D18,75,2,2006,0
40,荒川区,D18,60,5,1999,0
20,荒川区,D18,20,4,2007,0
46,荒川区,D18,65,5,1999,1
34,荒川区,D18,50,3,1979,1
50,荒川区,D18,60,11,1987,1
47,荒川区,D18,60,3,1988,0
34,荒川区,D18,50,8,1985,1
30,荒川区,D18,45,8,1985,1
26,荒川区,D18,45,7,1991,0
13,荒川区,D18,55,9,1978,0
23,荒川区,D18,50,5,1989,1
24,荒川区,D18,60,11,1985,0
43,荒川区,D18,65,8,1983,1
47,荒川区,D18,65,6,2000,0
30,荒川区,D18,25,8,2016,0
53,荒川区,D18,50,2,2018,0
37,荒川区,D18,50,5,1979,1
86,荒川区,D18,65,4,2017,0
32,荒川区,D18,30,6,2008,0
62,荒川区,D18,55,4,2017,0
65,荒川区,D18,45,3,2009,1
110,荒川区,D18,70,3,2009,0
58,荒川区,D18,65,5,2002,1
23,荒川区,D18,25,5,2012,0
26,荒川区,D18,30,3,2017,0
29,荒川区,D18,25,5,2016,0
19,荒川区,D18,65,7,1982,0
37,荒川区,D18,40,10,2016,0
24,荒川区,D18,25,5,2010,0
47,荒川区,D18,35,11,2016,0
54,荒川区,D18,65,10,2014,0
70,荒川区,D18,70,6,2001,0
85,荒川区,D18,65,4,2016,0
44,荒川区,D18,55,9,1996,1
39,荒川区,D18,60,3,1995,0
26,荒川区,D18,25,2,2008,0
26,荒川区,D18,25,3,2014,0
45,荒川区,D18,60,11,2016,0
47,荒川区,D18,50,2,2013,0
20,荒川区,D18,25,9,2017,0
46,荒川区,D18,55,2,2003,0
57,荒川区,D18,65,13,2014,1
9.5,荒川区,D18,25,5,1990,1
30,荒川区,D18,60,14,1991,1
32,荒川区,D18,65,15,2004,0
21,荒川区,D18,25,7,2008,0
32,荒川区,D18,40,7,2008,0
48,荒川区,D18,50,5,2014,0
18,荒川区,D18,40,5,1992,0
53,荒川区,D18,75,18,1992,1
25,荒川区,D18,30,8,1989,1
21,荒川区,D18,65,9,1977,0
59,荒川区,D18,115,15,1992,0
4.1,荒川区,D18,25,5,1992,0
73,荒川区,D18,115,15,1990,1
32,荒川区,D18,30,2,2019,0
46,板橋区,D19,70,9,2014,1
33,板橋区,D19,55,7,1996,0
17,板橋区,D19,50,6,1984,0
39,板橋区,D19,55,7,1996,1
17,板橋区,D19,50,6,1989,0
20,板橋区,D19,20,2,2009,0
32,板橋区,D19,45,7,1984,1
26,板橋区,D19,25,6,2018,0
39,板橋区,D19,55,7,2003,0
23,板橋区,D19,25,11,2015,1
24,板橋区,D19,25,11,2015,0
54,板橋区,D19,55,9,2015,0
35,板橋区,D19,55,7,1978,1
26,板橋区,D19,25,3,2017,1
44,板橋区,D19,60,10,1985,1
16,板橋区,D19,45,1,1975,0
63,板橋区,D19,70,9,2015,0
52,板橋区,D19,70,7,2002,0
33,板橋区,D19,50,10,2013,0
72,板橋区,D19,75,6,1996,1
7.8,板橋区,D19,15,7,1986,0
23,板橋区,D19,20,7,2008,0
16,板橋区,D19,35,6,1992,0
13,板橋区,D19,15,2,1989,1
37,板橋区,D19,50,5,1997,0
20,板橋区,D19,20,3,2008,1
31,板橋区,D19,40,4,1984,1
24,板橋区,D19,25,10,2016,0
25,板橋区,D19,20,8,2017,1
28,板橋区,D19,65,2,1985,0
21,板橋区,D19,20,7,2005,0
26,板橋区,D19,25,5,2009,0
30,板橋区,D19,20,8,2023,0
85,板橋区,D19,80,3,2013,0
63,板橋区,D19,60,6,2012,0
20,板橋区,D19,25,5,2009,0
53,板橋区,D19,50,8,2023,0
55,板橋区,D19,50,8,2023,1
24,板橋区,D19,25,9,2006,0
25,板橋区,D19,25,9,2006,1
30,板橋区,D19,25,5,2016,0
27,板橋区,D19,35,2,1981,1
58,板橋区,D19,65,3,1984,1
40,板橋区,D19,40,3,1984,1
76,板橋区,D19,80,11,2003,1
52,板橋区,D19,75,11,2003,0
84,板橋区,D19,110,9,1983,1
73,板橋区,D19,80,8,2003,1
23,板橋区,D19,25,8,2018,0
22,板橋区,D19,25,7,2015,0
28,板橋区,D19,55,7,1980,1
23,板橋区,D19,35,10,2012,0
21,板橋区,D19,20,8,2008,0
28,板橋区,D19,25,6,2015,0
50,板橋区,D19,50,6,1991,1
13,板橋区,D19,35,6,1974,0
11,板橋区,D19,30,9,1993,0
11,板橋区,D19,30,6,1974,0
22,板橋区,D19,25,6,2009,0
24,板橋区,D19,25,6,2009,0
23,板橋区,D19,20,7,2007,1
45,板橋区,D19,70,8,2006,0
50,板橋区,D19,55,8,2022,1
19,板橋区,D19,45,7,1985,1
21,板橋区,D19,40,11,2007,0
4,板橋区,D19,30,7,1974,0
20,板橋区,D19,25,2,2005,1
30,板橋区,D19,35,6,2010,0
58,板橋区,D19,70,5,2012,0
27,板橋区,D19,25,2,2016,0
21,板橋区,D19,25,7,2014,0
31,板橋区,D19,55,6,1986,0
51,板橋区,D19,65,8,1997,0
22,板橋区,D19,25,7,2011,1
37,板橋区,D19,60,1,2000,0
19,板橋区,D19,40,7,1974,1
49,板橋区,D19,65,1,2000,0
21,板橋区,D19,50,11,1995,0
30,板橋区,D19,65,12,2005,0
21,板橋区,D19,75,6,1972,0
17,板橋区,D19,55,5,1972,0
8,板橋区,D19,55,5,1972,0
24,板橋区,D19,25,11,2017,0
24,板橋区,D19,25,10,2018,0
22,板橋区,D19,55,5,1972,1
43,板橋区,D19,65,10,2015,0
24,板橋区,D19,50,6,1974,1
5.7,板橋区,D19,20,11,1988,0
23,板橋区,D19,25,11,2014,0
44,板橋区,D19,70,12,2001,1
40,板橋区,D19,60,12,1999,0
50,板橋区,D19,70,8,2002,0
50,板橋区,D19,75,9,2002,0
37,板橋区,D19,60,13,2013,0
22,板橋区,D19,25,9,2019,0
36,板橋区,D19,70,13,2004,0
58,板橋区,D19,65,6,2007,0
23,板橋区,D19,25,6,2012,0
30,板橋区,D19,55,7,1979,1
21,板橋区,D19,55,7,1979,0
39,板橋区,D19,80,12,1980,0
30,板橋区,D19,25,11,2022,0
7.2,板橋区,D19,45,7,1977,0
13,板橋区,D19,20,6,1980,0
41,板橋区,D19,55,9,1999,0
54,板橋区,D19,70,6,2005,0
35,板橋区,D19,65,10,1985,1
21,板橋区,D19,20,4,2006,1
27,板橋区,D19,25,4,2016,0
48,板橋区,D19,75,7,1983,1
24,板橋区,D19,25,3,2016,0
33,板橋区,D19,55,9,1984,1
46,板橋区,D19,75,4,1995,1
53,板橋区,D19,65,1,2005,0
36,板橋区,D19,55,5,2004,0
19,板橋区,D19,55,11,1987,0
23,板橋区,D19,25,11,2017,0
23,板橋区,D19,25,10,2012,0
55,板橋区,D19,65,6,2000,1
19,板橋区,D19,20,4,2008,1
23,板橋区,D19,25,7,2015,0
25,板橋区,D19,25,7,2015,0
30,板橋区,D19,55,10,1985,1
34,板橋区,D19,60,8,2002,0
10,板橋区,D19,20,4,1999,0
21,板橋区,D19,25,5,2015,0
28,板橋区,D19,30,5,2008,0
32,板橋区,D19,60,3,1998,0
20,板橋区,D19,55,14,1989,0
36,板橋区,D19,50,4,1992,1
38,板橋区,D19,65,4,1998,0
32,板橋区,D19,60,13,1997,0
15,板橋区,D19,40,14,1970,1
43,板橋区,D19,55,10,1998,1
30,板橋区,D19,55,11,1969,0
45,板橋区,D19,70,9,2005,1
31,板橋区,D19,55,14,1994,1
29,板橋区,D19,55,8,1994,1
15,板橋区,D19,45,10,1970,0
24,板橋区,D19,20,9,2009,0
8.3,板橋区,D19,15,11,1993,1
37,板橋区,D19,50,6,2002,0
8.6,板橋区,D19,15,2,1986,0
19,板橋区,D19,20,3,2010,0
27,板橋区,D19,25,3,2016,0
19,板橋区,D19,20,3,2010,0
48,板橋区,D19,65,2,2008,0
37,板橋区,D19,50,4,1985,1
37,板橋区,D19,30,3,2019,0
23,板橋区,D19,25,8,2012,0
21,板橋区,D19,25,8,2012,0
6,板橋区,D19,15,14,1988,0
13,板橋区,D19,50,9,1993,0
48,板橋区,D19,65,11,2003,1
7.5,練馬区,D20,15,3,1992,0
37,練馬区,D20,60,6,1972,0
41,練馬区,D20,50,6,1972,1
55,練馬区,D20,65,7,2001,0
36,練馬区,D20,65,8,1999,0
34,練馬区,D20,60,8,1999,0
52,練馬区,D20,70,19,1998,1
18,練馬区,D20,20,7,2008,0
55,練馬区,D20,50,10,2019,0
21,練馬区,D20,20,9,2012,0
20,練馬区,D20,20,9,2012,0
30,練馬区,D20,45,4,1995,0
29,練馬区,D20,55,10,1980,1
21,練馬区,D20,30,11,1986,1
40,練馬区,D20,55,6,1999,1
4.8,練馬区,D20,15,10,1988,0
60,練馬区,D20,70,8,1997,1
45,練馬区,D20,70,3,1990,1
27,練馬区,D20,25,7,2017,0
35,練馬区,D20,70,3,1990,0
24,練馬区,D20,25,10,2014,0
25,練馬区,D20,25,6,2017,0
50,練馬区,D20,65,7,2001,1
9.5,練馬区,D20,15,7,1991,0
33,練馬区,D20,45,1,1972,1
30,練馬区,D20,40,1,1972,1
58,練馬区,D20,50,10,2012,0
12,練馬区,D20,15,4,1986,1
7,練馬区,D20,15,4,1986,0
29,練馬区,D20,25,4,2019,0
63,練馬区,D20,65,3,2002,0
45,練馬区,D20,55,8,2007,1
55,練馬区,D20,95,13,2002,1
29,練馬区,D20,55,16,1995,0
25,練馬区,D20,60,16,1989,0
29,練馬区,D20,35,8,1985,1
16,練馬区,D20,30,8,1985,0
79,練馬区,D20,70,1,2002,1
110,練馬区,D20,105,8,2006,0
30,練馬区,D20,50,6,1987,1
20,練馬区,D20,20,2,2011,0
40,練馬区,D20,40,2,2003,1
24,練馬区,D20,25,4,2014,0
22,練馬区,D20,20,5,2005,0
30,練馬区,D20,55,8,1995,0
53,練馬区,D20,70,14,2000,1
64,練馬区,D20,65,11,2018,0
53,練馬区,D20,55,13,2006,1
36,練馬区,D20,70,13,1980,0
11,練馬区,D20,15,8,1993,1
20,練馬区,D20,20,10,2012,0
61,練馬区,D20,65,1,2011,0
26,練馬区,D20,60,14,1994,0
40,練馬区,D20,70,14,1994,1
43,練馬区,D20,80,14,1977,1
25,練馬区,D20,25,12,2018,0
60,練馬区,D20,65,9,2015,0
57,練馬区,D20,60,11,2022,0
48,練馬区,D20,65,9,1997,1
39,練馬区,D20,40,10,2020,0
58,練馬区,D20,65,16,2018,0
47,練馬区,D20,60,4,2000,0
7.5,練馬区,D20,20,6,1975,0
19,練馬区,D20,20,3,2002,1
16,練馬区,D20,20,4,2008,0
23,練馬区,D20,20,9,2012,0
30,練馬区,D20,25,6,2019,0
29,練馬区,D20,25,3,2016,0
18,練馬区,D20,45,8,1976,0
13,練馬区,D20,15,7,1993,1
85,練馬区,D20,70,2,2019,0
23,練馬区,D20,25,5,1999,1
23,練馬区,D20,20,5,1999,1
79,練馬区,D20,70,3,2001,1
30,練馬区,D20,25,7,2018,0
80,練馬区,D20,75,3,2001,0
61,練馬区,D20,65,11,2011,1
48,練馬区,D20,60,11,2011,0
30,練馬区,D20,25,9,2022,0
21,練馬区,D20,20,11,2010,0
62,練馬区,D20,60,12,2004,1
28,練馬区,D20,25,7,2016,1
22,練馬区,D20,20,11,2010,0
20,練馬区,D20,20,16,2012,0
38,練馬区,D20,50,12,1994,0
9.2,練馬区,D20,15,13,1994,0
11,練馬区,D20,15,13,1994,0
27,練馬区,D20,45,2,1981,1
5.5,練馬区,D20,15,12,1990,0
46,練馬区,D20,60,8,1990,1
43,練馬区,D20,50,8,1990,1
23,練馬区,D20,20,9,2012,0
24,練馬区,D20,20,9,2012,0
54,練馬区,D20,65,5,1997,0
20,練馬区,D20,30,5,1976,1
19,練馬区,D20,20,6,2008,0
32,練馬区,D20,30,3,2010,0
35,練馬区,D20,40,7,1985,1
21,練馬区,D20,20,10,2012,0
58,練馬区,D20,55,9,2009,0
23,練馬区,D20,50,10,1984,0
49,練馬区,D20,60,10,2009,0
18,練馬区,D20,20,12,2007,0
24,練馬区,D20,25,10,2003,0
67,練馬区,D20,60,5,2016,0
7.6,練馬区,D20,15,6,1991,0
72,練馬区,D20,65,5,2016,0
19,練馬区,D20,20,4,2007,1
29,練馬区,D20,50,13,1992,1
37,練馬区,D20,50,7,1997,1
27,練馬区,D20,55,6,1968,1
56,練馬区,D20,65,2,2014,0
55,練馬区,D20,60,3,2009,0
15,練馬区,D20,40,7,1972,0
9.6,練馬区,D20,15,7,1985,0
27,練馬区,D20,40,2,1973,1
21,練馬区,D20,20,3,2008,0
50,練馬区,D20,60,2,1997,1
15,練馬区,D20,15,6,1994,1
34,練馬区,D20,25,3,2017,0
37,練馬区,D20,35,6,1994,1
26,練馬区,D20,25,4,2017,0
18,練馬区,D20,20,7,2007,0
52,練馬区,D20,75,13,2005,0
7.8,練馬区,D20,15,3,1989,1
20,練馬区,D20,20,9,2009,0
54,練馬区,D20,70,12,2005,0
45,練馬区,D20,60,2,1997,0
53,練馬区,D20,55,3,2011,0
47,練馬区,D20,60,2,1991,1
33,練馬区,D20,75,9,1985,0
42,練馬区,D20,75,9,1983,0
58,練馬区,D20,75,5,1985,1
24,練馬区,D20,25,5,2014,0
29,練馬区,D20,25,6,2018,0
9.4,練馬区,D20,15,7,1987,0
37,練馬区,D20,55,2,1996,0
53,練馬区,D20,60,11,1997,1
62,練馬区,D20,70,6,2004,1
54,練馬区,D20,70,13,2013,1
31,練馬区,D20,35,3,1984,0
25,練馬区,D20,25,11,2014,0
39,練馬区,D20,70,11,1998,0
67,練馬区,D20,75,12,2006,0
28,練馬区,D20,25,8,2017,0
40,練馬区,D20,60,14,1991,1
26,練馬区,D20,30,8,2017,0
11,練馬区,D20,15,7,1988,1
46,練馬区,D20,65,12,2015,0
48,練馬区,D20,65,8,2012,1
20,練馬区,D20,30,14,2006,0
49,練馬区,D20,60,15,2015,0
28,練馬区,D20,65,18,2003,0
36,足立区,D21,65,8,2002,1
24,足立区,D21,50,5,1974,1
20,足立区,D21,60,14,1998,0
24,足立区,D21,55,14,1999,0
19,足立区,D21,45,9,1987,0
11,足立区,D21,30,10,1987,1
30,足立区,D21,55,4,2002,1
33,足立区,D21,65,8,1990,1
16,足立区,D21,40,9,1977,1
49,足立区,D21,75,8,2001,1
54,足立区,D21,70,1,2016,0
22,足立区,D21,25,3,2016,0
18,足立区,D21,40,4,1992,0
22,足立区,D21,40,4,1981,1
30,足立区,D21,25,8,2023,0
27,足立区,D21,25,10,2022,0
28,足立区,D21,25,8,2022,0
8.5,足立区,D21,20,7,1988,0
29,足立区,D21,25,8,2023,0
20,足立区,D21,55,11,1987,0
46,足立区,D21,65,2,2000,0
30,足立区,D21,60,14,1994,1
25,足立区,D21,70,25,2008,0
22,足立区,D21,55,6,1980,0
34,足立区,D21,40,8,2016,0
36,足立区,D21,70,8,1982,1
44,足立区,D21,65,11,2001,1
47,足立区,D21,75,5,2009,0
39,足立区,D21,80,9,1997,1
65,足立区,D21,80,14,2005,1
49,足立区,D21,65,4,2011,0
43,足立区,D21,60,4,2009,0
20,足立区,D21,15,10,2023,0
41,足立区,D21,70,7,2016,0
34,足立区,D21,70,6,2015,0
34,足立区,D21,65,6,2015,0
13,足立区,D21,80,26,1977,0
48,足立区,D21,85,12,2001,1
23,足立区,D21,55,13,1991,1
9,足立区,D21,20,8,1991,0
7.8,足立区,D21,30,12,1974,0
28,足立区,D21,60,12,1991,1
24,足立区,D21,60,20,1982,1
24,足立区,D21,45,14,1993,1
19,足立区,D21,65,23,1977,0
46,足立区,D21,70,3,2015,0
28,足立区,D21,60,14,2000,1
5.4,足立区,D21,45,12,1988,0
25,足立区,D21,55,15,2007,1
32,足立区,D21,60,9,2006,1
16,足立区,D21,35,9,1991,1
9,足立区,D21,55,2,1978,0
26,足立区,D21,80,15,2003,0
34,足立区,D21,80,15,2003,0
35,足立区,D21,70,16,2004,1
30,足立区,D21,70,14,2004,0
23,足立区,D21,25,14,2016,0
19,足立区,D21,20,14,2016,0
27,足立区,D21,55,4,1979,1
27,足立区,D21,65,2,2008,1
22,足立区,D21,55,12,1995,0
18,足立区,D21,55,21,1975,1
30,足立区,D21,90,15,1990,1
39,足立区,D21,65,15,2017,0
50,足立区,D21,80,20,2008,0
33,足立区,D21,70,17,2009,0
41,足立区,D21,65,15,2017,0
37,足立区,D21,80,16,2007,0
50,足立区,D21,90,14,2007,0
45,足立区,D21,85,20,2011,0
59,足立区,D21,55,2,1995,1
37,足立区,D21,55,8,2000,0
24,足立区,D21,20,8,2017,0
25,足立区,D21,20,8,2016,0
7.8,足立区,D21,35,21,1975,0
31,足立区,D21,45,11,1990,1
39,足立区,D21,50,9,2006,0
24,足立区,D21,25,8,2013,0
27,足立区,D21,25,4,2022,0
27,足立区,D21,60,7,1981,1
59,足立区,D21,65,2,2014,0
50,足立区,D21,50,9,2019,0
50,足立区,D21,50,9,2019,0
49,足立区,D21,50,9,2019,0
25,足立区,D21,25,7,2017,0
41,足立区,D21,80,7,2004,1
21,足立区,D21,50,23,1989,1
42,足立区,D21,65,11,2000,1
36,足立区,D21,55,12,2000,1
28,足立区,D21,45,15,1987,1
38,足立区,D21,60,11,2000,1
25,足立区,D21,50,11,2004,0
8.5,足立区,D21,25,11,1976,0
37,足立区,D21,65,14,2008,0
17,足立区,D21,45,5,2011,1
21,足立区,D21,25,1,2014,1
32,足立区,D21,55,2,2009,1
48,足立区,D21,75,8,2005,1
58,足立区,D21,65,5,2017,0
25,足立区,D21,40,8,2005,1
20,足立区,D21,55,13,1993,0
32,足立区,D21,60,14,2017,0
42,足立区,D21,70,1,2008,0
63,足立区,D21,75,5,2006,0
39,足立区,D21,65,15,2011,1
20,足立区,D21,25,5,2006,0
24,足立区,D21,25,8,2018,0
19,足立区,D21,50,19,2006,0
30,足立区,D21,65,11,2007,0
26,足立区,D21,55,14,1997,1
13,足立区,D21,70,18,1974,0
7,足立区,D21,20,13,1991,0
24,足立区,D21,55,11,1999,0
30,足立区,D21,50,6,2018,0
11,足立区,D21,60,11,1987,0
12,足立区,D21,40,20,1989,1
33,足立区,D21,50,6,2018,0
31,足立区,D21,65,6,2000,0
27,足立区,D21,45,6,1985,1
34,足立区,D21,65,8,2013,0
36,足立区,D21,45,6,2018,0
19,足立区,D21,20,6,2016,0
25,足立区,D21,60,16,1986,1
24,足立区,D21,55,13,1983,1
19,足立区,D21,60,14,1996,0
45,葛飾区,D22,60,14,2013,0
21,葛飾区,D22,25,10,2014,0
20,葛飾区,D22,50,10,1980,1
25,葛飾区,D22,55,3,1992,0
46,葛飾区,D22,50,5,2010,1
20,葛飾区,D22,35,10,1980,1
40,葛飾区,D22,55,8,2000,1
35,葛飾区,D22,60,13,2003,0
30,葛飾区,D22,35,8,2006,0
25,葛飾区,D22,20,7,2018,0
27,葛飾区,D22,40,8,1986,1
22,葛飾区,D22,25,8,2012,0
40,葛飾区,D22,80,16,1997,1
17,葛飾区,D22,40,12,1984,1
40,葛飾区,D22,65,3,2013,0
65,葛飾区,D22,85,10,2005,0
57,葛飾区,D22,85,10,2002,0
50,葛飾区,D22,65,6,2010,0
32,葛飾区,D22,60,6,1998,0
17,葛飾区,D22,45,3,1983,0
26,葛飾区,D22,50,2,1996,0
9,葛飾区,D22,20,3,1983,0
28,葛飾区,D22,55,5,1995,1
30,葛飾区,D22,70,5,1980,1
27,葛飾区,D22,50,3,1986,1
30,葛飾区,D22,50,9,1993,1
15,葛飾区,D22,50,10,1983,0
13,葛飾区,D22,45,12,1979,0
17,葛飾区,D22,50,3,1983,0
53,葛飾区,D22,65,6,2012,0
29,葛飾区,D22,60,7,1998,0
18,葛飾区,D22,45,8,1979,0
23,葛飾区,D22,50,9,1983,1
18,葛飾区,D22,45,11,1980,0
6.3,葛飾区,D22,15,11,1991,0
50,葛飾区,D22,65,12,2016,0
57,葛飾区,D22,60,13,2016,0
55,葛飾区,D22,70,16,2016,0
15,葛飾区,D22,65,19,1991,0
39,葛飾区,D22,65,16,2015,0
37,葛飾区,D22,65,16,2015,0
31,葛飾区,D22,60,9,1982,1
24,葛飾区,D22,20,11,2021,0
50,葛飾区,D22,60,9,1997,1
38,葛飾区,D22,60,2,2012,0
23,葛飾区,D22,50,12,1985,1
65,葛飾区,D22,75,6,2012,0
6.2,葛飾区,D22,15,20,1990,0
50,葛飾区,D22,65,11,1995,1
27,葛飾区,D22,55,6,1992,0
32,葛飾区,D22,60,6,1989,1
13,葛飾区,D22,40,14,1991,0
47,葛飾区,D22,70,6,2004,1
27,葛飾区,D22,50,12,1984,1
39,葛飾区,D22,55,8,2018,1
19,葛飾区,D22,55,13,1985,0
32,葛飾区,D22,60,10,2008,0
15,葛飾区,D22,20,12,2017,0
8,葛飾区,D22,25,12,1991,1
33,葛飾区,D22,60,10,1996,1
4,葛飾区,D22,15,9,1989,0
39,葛飾区,D22,55,4,2005,1
8,葛飾区,D22,50,21,1987,0
30,葛飾区,D22,65,10,2004,0
30,葛飾区,D22,50,12,1994,1
39,葛飾区,D22,65,8,2002,1
9,葛飾区,D22,40,18,1990,0
34,葛飾区,D22,60,10,1997,1
41,江戸川区,D23,65,10,2007,0
22,江戸川区,D23,60,18,1996,0
38,江戸川区,D23,65,15,1998,1
24,江戸川区,D23,70,9,1974,0
22,江戸川区,D23,30,1,2009,0
40,江戸川区,D23,65,4,2010,1
43,江戸川区,D23,60,19,2016,0
32,江戸川区,D23,65,13,1986,0
38,江戸川区,D23,60,1,1988,1
27,江戸川区,D23,60,10,1994,0
52,江戸川区,D23,65,5,2019,0
32,江戸川区,D23,60,9,2004,0
35,江戸川区,D23,65,20,1996,0
42,江戸川区,D23,70,21,1990,1
38,江戸川区,D23,70,20,2007,0
36,江戸川区,D23,50,10,2008,1
35,江戸川区,D23,65,7,1984,0
61,江戸川区,D23,75,3,2009,0
41,江戸川区,D23,55,2,2002,0
44,江戸川区,D23,65,15,2000,1
36,江戸川区,D23,75,7,1987,0
47,江戸川区,D23,65,12,2000,1
74,江戸川区,D23,70,8,2016,0
62,江戸川区,D23,70,10,2011,0
32,江戸川区,D23,50,8,1979,1
11,江戸川区,D23,15,6,1987,0
34,江戸川区,D23,70,25,2001,1
43,江戸川区,D23,65,8,2012,0
41,江戸川区,D23,65,9,2014,0
43,江戸川区,D23,80,15,2011,0
28,江戸川区,D23,70,14,2004,0
38,江戸川区,D23,60,2,1978,1
57,江戸川区,D23,80,4,2004,1
58,江戸川区,D23,70,19,2019,0
15,江戸川区,D23,40,12,1973,0
35,江戸川区,D23,65,11,1995,1
41,江戸川区,D23,55,11,2015,0
50,江戸川区,D23,65,13,2012,1
22,江戸川区,D23,65,14,1987,0
47,江戸川区,D23,70,10,2012,0
20,江戸川区,D23,50,5,2005,0
60,江戸川区,D23,65,7,2011,0
46,江戸川区,D23,65,16,2010,0
18,江戸川区,D23,50,9,1988,0
49,江戸川区,D23,65,7,2010,0
12,江戸川区,D23,25,2,1989,0
43,江戸川区,D23,85,6,2003,0
25,江戸川区,D23,60,8,1980,0
45,江戸川区,D23,70,8,1980,1
22,江戸川区,D23,65,20,1985,0
39,江戸川区,D23,65,16,2005,1
17,江戸川区,D23,45,26,1980,0
26,江戸川区,D23,45,26,1980,1
45,江戸川区,D23,70,10,2007,0
74,江戸川区,D23,70,1,2021,0
38,江戸川区,D23,75,20,1998,1
29,江戸川区,D23,65,25,1977,0
45,江戸川区,D23,65,15,2001,1
28,江戸川区,D23,60,19,1980,1
54,江戸川区,D23,75,6,2008,0
